,shift/shift,shift/slide,shift/rise,shift/tilt,shift/roll,shift/twist,slide/shift,slide/slide,slide/rise,slide/tilt,slide/roll,slide/twist,rise/shift,rise/slide,rise/rise,rise/tilt,rise/roll,rise/twist,tilt/shift,tilt/slide,tilt/rise,tilt/tilt,tilt/roll,tilt/twist,roll/shift,roll/slide,roll/rise,roll/tilt,roll/roll,roll/twist,twist/shift,twist/slide,twist/rise,twist/tilt,twist/roll,twist/twist
AACG/ACGT,-0.3645404767405007,-0.24319262199090344,0.3221436286179963,-0.21127805955908496,-0.2613200579505986,0.3505188809721312,-0.06112445104501899,0.1139657570908408,0.032705156893745875,0.0025240412406144007,0.07809728189429577,-0.05025125122915285,0.1385229316394304,0.1263606707993427,-0.3019786722402161,0.3371470489991319,0.027762986363549298,-0.15186303302833856,-0.15710186753109917,-0.33767531155134983,0.35410097069437,-0.359906939961474,-0.2584340666077135,0.27075443343201233,0.13660250279397995,0.08790634868035145,-0.14498392981437935,0.2759326513686804,-0.04411442633932157,-0.07963453426591964,0.09708218463183525,0.0008585452663464942,-0.16560843644360285,0.16355388229377293,0.07422433438198561,-0.42407303508474603
ACGT/CGTG,-0.47338902379547876,-0.07046786520849094,0.02026397377150312,-0.25856244793052763,0.10453784150340795,0.08153774781970005,0.21670780999430847,0.13110329155113137,-0.023963390576401566,0.28597174835820494,0.02202435467057495,-0.12970403808374836,-0.31465004073226904,-0.07822538213750806,-0.1424719789861268,-0.34097062618535057,-0.042895074739058445,-0.09075215768590841,-0.17597600679296335,-0.08058106354230275,-0.22482272535999784,-0.36247767522771107,-0.1817564920512726,-0.09073883978317802,0.23903195256593435,0.13346367022793548,-0.055932870121451046,0.20042225734763358,-0.1330233447544578,0.07293299251626284,-0.2138073575503008,-0.24569188726531735,0.061044879215893376,-0.16055032570256422,0.13311162093602277,-0.33405434859477395
CGTG/GTGC,-0.5239608619690006,-0.10531905576182506,0.03671812059623748,-0.10653525196144828,-0.201425765591703,0.3388047652001485,-0.12282010279659919,0.059917416687739755,-0.047358552833890004,-0.030308079410856736,0.08037858793090441,-0.1523639970679689,-0.13351156340783593,0.08291018746285993,-0.2507187791589231,0.13484897178142208,0.11942589075087105,-0.172257305039728,-0.16274615973611503,-0.1697962794579155,0.09983304770830465,-0.3487868216375048,-0.15331139972444216,0.012005745272031704,0.03798960126808897,0.037307767823005086,0.008068322085900985,0.1867834232721765,-0.08163623267127217,0.1460897545595136,-0.18061646762447178,0.006760661137951569,-0.20755335464633975,-0.10527310566221654,0.18443965089810113,-0.46993983934038164
GTGC/TGCT,-0.6009512883614695,-0.07109494025459091,-0.02068255737359847,-0.31843740305380586,-0.1312126374758277,0.25875273320307685,0.443652386058992,0.18245420248246724,0.019734279819887318,0.3759469551123827,0.13847345702291308,-0.2038279800212443,-0.34952193980183144,-0.10806220354213723,-0.2337369721956152,-0.3925200781267103,-0.12182484617276675,-0.11047653745995517,-0.31413200505379674,-0.14204922424649682,-0.2979536509452805,-0.453796431284362,-0.1718075805491415,-0.03358520137793659,0.1253206301037563,0.046734392096011906,0.053326297263646585,0.18457697686363123,-0.043575581413364886,0.04459360388873676,-0.25226013529296454,-0.2078500450620967,-0.14336184777555358,-0.26187817636753813,0.08860263155440444,-0.3089825383134217
TGCT/GCTA,-0.081823769365913,-0.00836219655768194,-0.05638923638144767,-0.034136901910011445,-0.08739114840399728,-0.20260987967724473,-0.0346607542076584,0.027231963528894794,0.060026809390913115,-0.037713009906359424,-0.07198999113468345,-0.06274855153538049,-0.0458814946065437,0.08657757132529319,-0.22316277356571365,0.1575106262370992,0.057212713733709356,-0.07198991205753341,-0.055869630277917755,-0.0300991713297647,0.005904602594915208,-0.24226983325204282,-0.06211069960726936,-0.14173218941805707,-0.007927561185687049,0.13423275930331896,-0.11932534834905956,0.12533561782896085,0.04115047971649162,-0.11685141098832529,-0.1887804102808953,-0.0016883721409762067,-0.1118881178661695,-0.10329611634720176,-0.05789099119561705,-0.31566831100199005
GCTA/CTAT,-0.6495616129208932,-0.4585535788714864,0.13048167201279337,-0.16157097543019552,-0.04857554044536465,-0.2069405973033765,-0.03499390147165552,0.2577948960573567,-0.05151840263575415,0.07666944741909433,0.17996919233496822,-0.14671821257395198,-0.25383620692547515,-0.1563860424680964,-0.21550809506807664,0.0642482995516801,0.07015251498418128,-0.2585564477041215,-0.28364125593254974,-0.3521909237296054,0.15568873770277505,-0.4147895199540133,-0.2194360596264292,-0.06340914518812181,0.3263196288529184,0.12894873528566053,-0.07024076227194065,0.2664543742114159,-0.048579196004153995,0.19035287345486895,-0.3978449890697392,-0.1743996160102016,-0.0847651995306433,-0.2248234430303981,0.08313713642499933,-0.4921719670310707
CTAT/TATG,-0.5017559882542835,0.07826728788509951,-0.12809118857748805,-0.09794177008559829,0.07524173231556744,-0.0909657620363454,0.14145344514360578,0.20495506762129836,0.08354264270396279,0.2021064003216399,-0.062271143519177195,0.1023513706313355,-0.18256803220036397,-0.034633712530688206,-0.23891537546601135,-0.17401930646006658,0.016966997380070997,-0.11353023427777732,0.12643685483903044,-0.14936614069138196,-0.1403239617920849,-0.22355101965758528,-0.1064229631356409,-0.03653025096191763,0.20834541068501192,0.026475087858341472,0.07176671504816062,0.1728208343660109,-0.08717431126659585,0.07852379261749305,-0.22500029934488774,-0.09963169476724677,-0.10782828337909531,-0.08999625576248715,0.15265426015076156,-0.31212890196668447
TATG/ATGG,-0.3787698519808213,-0.15769732400845396,0.18277920781438808,0.07265610453042581,-0.3213907833036482,0.30776953832041665,-0.05732237330412035,0.1293011420762191,-0.04145318890350102,0.10185941858506954,0.05824146142646107,-0.09257727622862545,0.056698964624401854,0.09699481460913387,-0.21826735119497243,0.17165852411167543,0.05391092819146222,-0.08968158969195188,-0.08635198474334843,-0.2428331158504168,0.20061159687713465,-0.2562314903909279,-0.24188268550643977,0.14243642202900206,-0.015033361551207748,-0.005227619494007477,0.021909563221832067,0.1585469465979633,-0.12828539690876298,0.16492091085147895,0.07592146189253662,0.06443052024835398,-0.15104370464725553,0.023431007696583833,0.14549787012395507,-0.39550650496496415
ATGG/TGGA,-0.6243003471513319,-0.021713331259296864,0.1046670858721885,-0.30562216520935415,-0.21679512935710105,0.36784615069793186,0.2273859691667104,0.18783682199873014,0.019546244157365462,0.27366742797358495,0.058775734791437925,-0.11192699647719934,-0.11972074780043683,-0.06655300292610812,-0.2928412593370799,-0.2509398098646489,-0.08502858237505576,-0.12938840789467845,-0.4037338709397214,-0.11263895992948582,-0.11003692240460224,-0.43482371277787046,-0.2459593709222422,0.1881784048910689,0.07957070189284628,0.16330371643258002,0.02131456363829662,0.14839978096610715,-0.08365231383968079,0.08965883732976072,0.19021860232896914,-0.1679731240135835,-0.19071552389596708,0.03438306010745154,0.13230908686533027,-0.489252919821583
TGGA/GGAA,-0.5644895433013981,0.10231181996459521,0.09624977109348407,-0.28594098846712923,0.11708688161710051,0.32746116067368775,0.3088853106312791,0.06593992130455535,-0.027721933458578842,0.33795974579954696,0.08542210064909934,-0.2612874362100428,-0.05697969100596305,0.016592180661858663,-0.25720370101282414,-0.21226397801245525,-0.09632178385134202,-0.06629697163761825,-0.27529943853364236,-0.021703816663572302,-0.1265742355805127,-0.40329347360160844,-0.11647198273143053,0.12345725938234806,-0.02065247672188099,0.11881559182586603,-0.01562859442677715,0.02433668964887137,-0.0997887119707433,0.10101691296316602,0.16474111649335324,-0.15604569063453774,-0.06538873048383192,0.1088691283516924,0.08479790515666817,-0.4353826538472342
AATA/ATAA,-0.5224607144463836,-0.09795191015508883,0.13624608873201305,0.1256634028274066,-0.15280523039939164,0.14203514797815422,-0.2314798536404279,0.17221533596686975,0.03451627829063199,0.15467411488934169,-0.043091609216516946,-0.05550430953175421,0.06104409754677345,0.03914164074795089,-0.2135859019587283,0.17028660846718863,0.08460050647345564,-0.10508437022170587,-0.045828873888336674,-0.17831996184370935,0.14721344053249727,-0.220978346204067,-0.1710980868981051,-0.004920100863753286,0.2000342540554998,0.021389529105524212,-0.044690586982795474,0.09527397925061115,-0.010185726727535408,0.054455626837903906,-0.16724284044715826,0.025232069535405886,-0.02412639000519432,0.07842596250576314,-0.006074722133499623,-0.312118039506594
ATAA/TAAG,-0.2825800401782154,-0.06284263058810882,0.19960027935901328,0.08315420204976302,0.02848665218755889,0.16363466711439117,0.12371238466907733,0.2151602170966144,-0.17682518440299744,0.11683930005351266,-0.04357273925215367,-0.1430007642146401,-0.011016810849658276,-0.02007212311578458,-0.2703140662376547,-0.16421110537908615,-0.06898524077339538,-0.11061228113672775,-0.04142474360431185,-0.1151198053368245,-0.11405516101973266,-0.33275108964135297,-0.11007951428181635,0.05277937749604652,-0.010756421923424018,0.19748297035661364,-0.02799256454527878,0.12525117259458673,-0.08211482086779648,0.04807928958327701,-0.06938379906487793,-0.12160609056881262,-0.1686525105385433,-0.13167502205554746,0.03131376434979661,-0.3519898653699262
TAAG/AAGT,-0.24079730799864071,0.020713360856616098,0.09474846988363736,0.029189857870302913,-0.22204693721114518,0.16723736182394797,-0.06671826158241484,0.2231838100935297,0.05693760925764606,0.13566128339538167,0.17780601675549454,0.04286165319439775,-0.005816055318394197,0.0571028354711744,-0.18459548230185724,-0.08944610492279881,-0.005602424960170986,0.011651085967915302,0.17241292041893086,-0.26445131364525226,-0.13498479284921974,-0.2866751593689376,-0.28338864201494157,-0.14824219444484488,-0.02549290800383564,0.1916041730795666,0.09541895459752264,0.17284110291776927,0.02912097502699047,0.07545574804342449,0.1794619825203192,-0.06990948982609602,-0.07416313229762747,0.06324932237893742,-0.020108476989343062,-0.32725801492833856
AAGT/AGTA,-0.021291629258905802,-0.0015650524054790012,0.002195871942015286,0.14735734063071856,-0.11012772124281904,0.08970441872163037,-0.08218846963533975,0.10074930714638071,0.12882460376317506,0.13205814549120592,0.04616477371321393,0.10444630790567548,0.0017587836180446232,0.03665152746679251,-0.20583787865484401,-0.08512073894261551,-0.03629510557043614,0.006204475169463444,0.12037771236350385,-0.05225488197460514,-0.2342333973809471,-0.17195879127080285,-0.1582861234584048,-0.05688522422339048,0.1334478630860833,-0.05399422223340747,0.0020562497752081663,0.061177186052307056,-0.06782665485497394,-0.15535726132410776,0.013969519618693345,-0.0550828776439906,0.02603239755161759,0.10036056524585747,-0.024755362965937278,-0.20895907946050715
AGTA/GTAC,-0.5707898824930249,-0.33693998223753086,0.1002548286599656,-0.03965657574211791,0.049967530707884525,-0.053747890400331795,-0.13960287146364225,0.04349158790801676,-0.03802909020730258,0.07719285231957514,0.1630234418355476,-0.21667427184861998,-0.12188907864710027,-0.03340564758170472,-0.21245673953060681,0.20600213025398711,0.13163035613090562,-0.13283840322749213,-0.0849646820170492,-0.27224475149991456,0.1868072098969904,-0.35321644778759315,-0.17795746570393275,0.04604399528219011,0.17965383433047108,0.14857763579857913,-0.06371440235532981,0.13254797425471762,-0.09198013774808084,0.15535447518979656,-0.25287974777054717,-0.18238749226278672,-0.037355339927724,-0.018854254662193832,0.18747320270404558,-0.38912497468691837
GTAC/TACC,-0.6003162113918747,0.2395020833398469,0.05074407154631629,-0.17155149055860563,-0.18393206669965786,0.29007751382635893,0.34121348408980884,-0.009500841273040813,0.04737658056058135,0.22644008728571838,0.16230321935661748,-0.15747542715665305,-0.04630019934517564,-0.027277619212000465,-0.22609770565243745,-0.11349657038722791,-0.06984534418983392,-0.10500180146974468,-0.052551133645040604,-0.051015665426720584,-0.1917431291335195,-0.34265648254460174,-0.15754246420444543,0.03995587279074784,-0.06987670727781331,0.12167771432814406,0.15345282014200795,0.12318455539245154,-0.03823630572183148,0.176676035875112,0.14276996242306092,-0.20578224050716307,-0.15398312969738068,0.04280109686548288,0.14453337361693464,-0.4001109189445222
TACC/ACCA,-0.34790328438849943,-0.0365950637463614,0.14839977531652565,-0.10686051486172048,-0.2393352346606721,0.25401079221711176,-0.12303216633214105,0.07247441428755358,0.06155349797317523,-0.06661621592463322,-0.029332023683536594,-0.14720993446120287,0.019793156287508846,0.029534144458655757,-0.22879385052251772,0.27554006388085733,-0.06658921462374334,-0.1294785943684555,-0.06123107910736941,-0.07715665963795666,0.2150893655491702,-0.29998142532493877,-0.09039905266829142,0.04443771551839854,-0.006682828566254499,-0.010028240872782456,-0.023064967934493683,0.1307578144258323,-0.058310050543452396,0.03015611248305059,-0.1259071688542914,-0.013568667966813268,-0.028330037054118927,0.05214743966619938,-0.1328283068475309,-0.2823011603526384
ACCA/CCAG,-0.5824788857365253,-0.45847546808917206,0.3174466156268161,-0.3822821230360306,-0.06926975750548993,-0.07679700572824313,-0.028428660493095708,0.0786069312527963,-0.026807403365678408,0.09253419476300695,0.10765082788669365,-0.18104618227003294,-0.019765302303417817,0.030789651535675033,-0.2302439140607119,0.18786349431168364,0.037752866901137966,-0.17068461913770136,-0.29468422852580906,-0.41619389315423766,0.3481431025311713,-0.46180747084533286,-0.1339425772752317,0.03307060177175801,0.1415340213168098,0.1394658882850856,-0.14494130115179207,0.19240047452376108,-0.11221017064107934,0.09571675432857141,-0.1621303451046699,-0.18719557630768502,0.02382192513084739,-0.07440345760842293,0.09466920462614344,-0.37767967521893003
CCAG/CAGG,-0.3193293445811738,0.02904435557577211,0.1586665160722454,-0.0781053334177358,-0.050097007775105624,0.19923238155852357,0.08504694444003394,0.10220534036470862,-0.007012216978117492,0.09907563836262212,0.02182320521682498,-0.139533570926134,-0.029438231998344,-0.06422514049548174,-0.3212145454713188,-0.17151701713824719,0.0232394251386341,-0.23537057826804847,-0.05059674347949668,-0.039511762033163936,-0.07078366172405237,-0.338952471178327,-0.20244334735010497,0.16100739396029906,0.013239119235938228,0.12749947164121217,0.1500307528122746,0.10254913463388703,-0.09230529776853443,0.143065709631607,-0.05514609278810192,-0.09117192986950816,-0.23444334805750208,-0.09265120007365447,0.13972975266583487,-0.4497160761664173
CAGG/AGGA,-0.4019158519278484,0.21849596213127284,0.15081080636984798,-0.08690488924138012,-0.0507175713368346,0.42994673337124517,-0.2355671241780604,0.3761653322138608,-0.09137589579972072,0.0701419418064492,0.22792441495807242,0.1377170060918697,0.20342585478446662,-0.23654845749738898,-0.10397433350902074,-0.071074768534151,-0.22642654500557532,-0.17144071803595917,0.0002753312626685218,-0.1221607395248482,-0.03773233111776244,-0.2483040934263288,-0.25192081338123506,0.05348344080852645,-0.05872608085422098,0.09232837950388753,0.003962958193706785,0.05787540845260197,-0.00023995261747786366,0.07088911339167495,0.3146581018347783,-0.23726330950659563,-0.058271487490409814,0.11170402445730858,-0.1406056461632898,-0.4344142613260219
AGAA/GAAA,-0.41752790300407516,0.13159671879255166,0.13504231465991953,-0.06974837495433926,-0.11963991210651223,0.3366973657671167,0.07064260798018494,0.1742761992363653,-0.035909994288789104,0.1959172607449734,0.13545105891597528,-0.23081144900847522,-0.048797621856107476,0.0402905774191932,-0.2664559416648064,-0.2011167409848448,-0.03236670847949098,-0.08936284459927535,0.017875194530436664,-0.06632663553007302,-0.15026582799198987,-0.33493855436589703,-0.1907729346658103,0.04743309471145866,0.06100809143100619,0.156223531442399,0.0625298846821277,0.15582968468105407,-0.023357894165192645,0.005438312468553915,-0.015711460785400592,-0.08900602997069787,-0.115308098362014,0.0016332328235629308,0.10034854597830452,-0.3942156330446759
GAAA/AAAC,-0.27802514067680095,-0.035916956747510005,0.19530634866153557,0.016659962252047873,-0.24175403311595087,0.3923916686826909,0.075396488868254,0.23435604809621227,-0.09173121497432794,0.17341907517883165,0.25708414986615813,-0.3474836176780837,0.0833143506559388,0.058251114511712124,-0.21125148703814903,-0.10548586634562096,-0.016993684978118304,-0.05678157201797706,0.012722543745321137,-0.09139150457609244,-0.10668352602078879,-0.29559848349648576,-0.212721861303875,0.175247936238249,0.02737499669076878,0.13718139239436578,0.09191977653814977,0.143070573413275,0.0418780104117305,0.03859080554731504,0.11557746495145857,0.08705433915847989,-0.1441079696267442,0.08167024336828314,0.08354013783788847,-0.36876071964596135
AAAC/AACA,-0.2710497131501694,0.07775586252648047,0.13530930486182696,0.06493497094623962,-0.06298072771068225,0.32477793971167745,-0.12135909806852527,0.05113026211872596,0.13198424301873812,0.10067873258469488,0.13356373226991095,0.07166582169381341,0.08209931293807907,0.02801436375808939,-0.19034228587059837,-0.0784788051260483,-0.060392911673005964,-0.046177127296930576,0.013055601225518399,-0.009554119225547636,-0.15363121823903927,-0.27426473590346423,-0.15152591676684637,0.11677761795206903,0.024879682785702188,0.021160418118982647,0.09814735972288686,0.12131556264842513,0.03676330305366238,-0.044604857281889884,0.09077600294155257,-0.026594928068588555,-0.046103041360342045,0.07103974257594463,-0.08602940453324177,-0.203311393880296
AACA/ACAG,-0.5577506379749653,-0.26771262440695137,0.2741266453856063,-0.1455985736031843,-0.079993483358824,0.19557361376030463,-0.04565395950866827,0.14429682297827198,-0.04755009572844341,0.1320118102478661,0.09165083016409833,-0.18318846405290953,-0.04097266174518061,0.006378470627298022,-0.23271144269146654,0.283790351142758,0.07040376885020158,-0.15594299700337855,-0.17350503910619358,-0.3013957123626984,0.2966627602720395,-0.3483669242256737,-0.11682471589584734,0.14074585920212868,0.13855012254210727,0.09106437401909014,-0.06698911838987595,0.1596241193606745,-0.13817651897277125,0.1306609809686316,-0.20327303928983842,-0.15379571918455326,-0.02732260734742301,0.09803354951562686,0.12718549406217608,-0.34091765438131516
ACAG/CAGC,-0.4880296142140994,0.05888334457265442,0.28143827275930733,-0.2027324247303021,-0.11160996726090888,0.33790698570411026,0.3049714476106231,0.14553710276406825,-0.1634798236113684,0.30845084625030866,0.05101314501727004,-0.23094961410522763,-0.08812646999472985,-0.006989217811607605,-0.305495494700471,-0.14859748949640625,-0.02091671338052389,-0.2269529154062507,-0.09484606350198793,-0.026033517027281274,0.03510045689650829,-0.3867140394016207,-0.23230086380065823,0.2653858166871206,0.07832719380057368,0.1382145600227622,0.10282982007523937,0.19272025966634843,-0.10144587223423786,0.12141261900280297,0.1052800855423217,-0.05097128916423147,-0.39996718639247747,0.09936622159201565,0.13267420974301022,-0.5843726682708603
CAGC/AGCT,-0.29054634990640915,0.08728198783450293,0.17688242394593726,-0.05570263053465753,-0.09425492022177935,0.36164225623702967,0.1796541398436576,0.03614966629549715,-0.10443923912596148,0.21684444210555062,0.19708950300966535,-0.37213278373799236,-0.019920750929301238,0.01284486005449581,-0.11998865484831493,-0.1592898017930706,-0.11831338277892628,0.11707110755917077,-0.029053186633607023,-0.00039111084321304763,-0.1406112075358716,-0.250330596784937,-0.17714410483368417,0.1162031016472701,-0.05123889146573649,0.0020991541437370737,0.05841334068601782,0.05423043427983891,-0.06508438456201998,0.04267082355914491,0.14731134395943943,-0.05771368069342069,-0.004730314078853128,0.05165112144381765,-0.0781000357773546,-0.1754913218558108
AGCT/GCTC,-0.15084158946124665,0.059059750523218754,-0.07024656608359948,0.032059264697580234,-0.062391986954897255,-0.12016805831301888,0.040149252484581364,0.17896158560468417,0.010456007367524427,0.05113532757093281,-0.1097196820496751,-0.04108699224433856,-0.1268336812798775,0.005355986269022561,-0.20097471165504358,0.1908780362548988,0.109535625745496,-0.07658110451752645,0.0020601425369475173,-0.03463934683864728,0.07260873321709574,-0.2307159840695914,-0.11603322434037731,-0.05228213124466086,0.059919032044921064,0.19444833926609525,-0.09873298723229632,0.18435898169160214,-0.060988263604428244,-0.05431801907562091,-0.27716832810615705,-0.048621065298816026,-0.06361305506325966,-0.0752452253685877,0.011521365367415753,-0.3146611801456499
GCTC/CTCT,-0.4985805534487806,-0.15428352207712753,0.1026359578438728,-0.12152169992335364,-0.09578399463622791,0.17099843909189233,-0.21154038384551857,0.1493222538908575,0.0505854831493698,0.05534148702941211,0.10682602032948323,-0.03735423510377541,-0.11141195162948053,0.009928832861631594,-0.2041121157238117,0.11746439651665061,0.1099562234678307,-0.11926720609822614,-0.15083192969883757,-0.21737592914530646,0.15152147705942373,-0.39226367134430906,-0.22165460364679299,-0.01111583788756463,0.16057522868129168,0.12829094400729252,-0.00020994300464150133,0.23243758752961124,0.010751824281967361,0.12726159639576967,-0.36544020845096054,-0.17252637541633828,-0.07985867600341515,-0.15674361709760906,-0.018464788218461956,-0.4213007174780409
CTCT/TCTG,-0.43105692001385854,-0.23920280639204888,-0.06688764299767455,-0.14629037712978737,0.05348768576428784,-0.21918266691354277,-0.047271528373216194,0.11876657586148263,-0.036364434672792045,0.029738647250972566,0.07887458448862587,-0.09981938068107474,-0.24044897984564884,-0.17639973714452675,-0.2250251076185316,0.07835196624812915,-0.048753046049415646,-0.07692473433500098,-0.16575504791557255,-0.29171963533965534,0.142154567852662,-0.31740712619475253,-0.055127482791766345,-0.1397798931826222,0.018125322918024468,0.08213759445051542,-0.11922917636747546,0.12399470147657725,-0.09712599112175387,0.033096035690682354,-0.44320761277430154,-0.40844682304348984,-0.046777184028294984,-0.19845590058307874,-0.014124336536509114,-0.3237404254554356
TCTG/CTGC,-0.5464332126294901,-0.17130752980489977,-0.01228242119172604,-0.07120427482874728,-0.0896623749956987,-0.20954471999360932,-0.12935513076373742,0.1776197573406426,-0.04497069613759136,0.0877585954996907,0.13754656194665704,-0.11452394642406576,-0.2825803094830283,0.010666046064544486,-0.3595824616364994,0.053395629332420806,0.09723734486922847,-0.36560889949239933,-0.16033551216142813,-0.24364996823303947,0.12263917996515,-0.34692646678675765,-0.20242049723329164,-0.07324141683681583,0.13820143103900914,0.0407039068312137,0.02177975444895449,0.2672846864135331,-0.044666256127347495,0.20368405323628538,-0.3193942757564898,-0.00310778260897388,-0.24936121344095064,-0.16997615131212468,0.12564076251615852,-0.5564278987089087
AGGC/GGCG,-0.26729026436888076,-0.05291583654085197,0.048217575705826195,-0.06325215561345052,-0.061436546245145815,0.22647080228027913,0.012968997495164421,-0.021462116732077253,0.11932003831474584,0.11533484743446806,0.05378722085694021,0.12129456190280162,-0.05525701882596228,0.10639366827002819,-0.22538724677445576,-0.16284929979994692,-0.0613710679538717,-0.0896420115764978,-0.13994973756289625,0.08641962272372486,-0.2540971252688835,-0.33502756332258976,-0.17227297783863818,0.0952390491261812,0.10418057516332965,-0.07002046115667768,0.03752340378742764,0.11709787128624545,-0.008463498429750626,-0.06303820226074361,-0.017330823647888693,-0.05400626618352591,-0.003117342874449094,-0.018122697101681393,0.03125802169530648,-0.3067204192184166
GGCG/GCGC,-0.5275113676339022,-0.36700059763017784,0.29469781160140623,-0.27089593286299524,-0.11021200545116133,0.2323875826848174,0.08077694781422591,0.1687553313292033,-0.14733247088400062,0.17716349812573687,0.06343150784246947,-0.25088647150866,-0.048270672011728216,-0.036240275105969756,-0.25185522481408634,0.3307150017285835,0.06408280348867783,-0.22589183848331076,-0.28923876411098903,-0.3786553031797727,0.38403303942834344,-0.4412941946872824,-0.15792441023418088,0.2115214624762994,0.034268399263217376,0.10106128780993784,-0.06840289261470864,0.11369533255170111,-0.060962029120596076,0.0903966048330159,-0.07402752498507259,-0.12126952188469547,-0.134015159281019,0.16991857042814087,0.07801870241605818,-0.41170172681579054
GCGC/CGCA,-0.5280121682822373,0.13103963832973303,0.11539043026837505,-0.3090740477902778,-0.056799012320724,0.24764771671055208,0.16638080056428056,-0.038842778881027724,-0.06879973085518383,0.2306244603334643,0.11599617952756086,-0.19197840604926314,-0.1244145638461464,-0.07837561841967067,-0.3255548039202516,-0.26216533449861634,-0.017383295273714777,-0.23124122501712566,-0.3210741671537644,-0.0013334460342780843,-0.16956136910915995,-0.4466519448076902,-0.14178415063041683,0.043367566806340276,0.09997389199821888,0.03740465290636104,0.14647737841313688,0.1322391142207376,-0.1211544558140589,0.164077162315452,-0.1277600791810642,-0.17495663435855371,-0.25246090189289366,-0.10537510960610151,0.12448785639110477,-0.44038112209326746
CGCA/GCAA,-0.5678176027945887,-0.13323034354223032,0.038621890832958944,-0.3051362879346868,0.05779499621011439,-0.06840985455231449,-0.18242456744831811,-0.023373388848119795,-0.11002288246843844,0.05999142205031856,0.0929310751292041,-0.28858778410617114,-0.023708895181667754,-0.003992462731070377,-0.2577564015577754,0.2173737958340144,0.08949720677211001,-0.14793163547193205,-0.20368817698183572,-0.17201637275737341,0.16139564118901842,-0.3785273123398652,-0.06964354821431573,-0.025964760472929085,0.22487765133639953,0.17417607806731983,0.017681467622637583,0.21742498150660877,-0.1738112051460491,0.2106048841634246,-0.26352764550979213,-0.17378813423338543,-0.17015196948260905,-0.08903569507647302,0.17417223551469097,-0.4622198844428657
GCAA/CAAG,-0.44096189696851473,-0.0030280456850235726,0.1955439047072535,-0.1300906022494727,-0.08263932355177613,0.17700137638871974,0.292454339278258,0.13387574469957136,-0.09784460417893011,0.25945511146818107,0.06542359221869906,-0.16765139912486823,0.033148722021525294,-0.04443963843832934,-0.31011726860917865,-0.16341325926182357,-0.02410279682335095,-0.14972936689769625,-0.010066901187057671,-0.004445166290335537,-0.1210530013106492,-0.3196141223745545,-0.20536620654532747,0.14370514651777977,0.10634250691319391,0.13203428311379306,0.10349110200774089,0.1841103876985032,-0.09589963500521209,0.12235367723276015,0.06556638507199967,-0.19104992287573408,-0.24181334928573325,0.003512809311502552,0.1945356505517703,-0.4768228843074262
CAAG/AAGA,-0.46815683108263234,0.2029505980479484,0.16629651577144622,-0.026873553698595582,-0.11023545598969733,0.36936267649613974,-0.18549261787006907,0.2626507668858482,0.08262183962142644,0.15611975289848048,0.14801692980559,0.03716411358076422,0.20068290592451607,-0.10133613405281171,-0.20418949985870463,-0.052544373246003875,-0.1278643850442137,-0.08989715103458637,-0.004238079263136753,-0.08467537407579065,-0.08049296438216225,-0.3048552948905184,-0.1890455554045216,0.08345436647641806,-0.027322172998264654,0.12154945330400245,0.05914043588381205,0.148362929446865,0.02406711968384651,0.023649536596044338,0.3224451438845033,-0.16240855044587632,-0.0919308915548668,0.09136609187404303,-0.13134643366310778,-0.33885838715900435
AAGA/AGAC,-0.4348947957920284,-0.2824139026733223,0.29134378458803334,-0.05170203664452934,-0.1078830455462386,0.3263413224265319,0.2925782163908593,0.391253508792748,-0.20127834879985315,0.20066315822699662,0.17660258354039113,-0.3398978847139369,0.055857276964909816,0.02355635472964599,-0.277793734753663,-0.1616284839700034,-0.08007025417955979,-0.1126962465571236,-0.1323199114406073,-0.1739092320305091,-0.0758814762733556,-0.2609097869287196,-0.14927596972139098,0.1285971096251553,0.04221966692356129,0.020659333894538643,0.03535056460592774,0.08556864135496994,-0.11201211866610475,0.07079705461838832,0.12409779484822465,0.10099688537051633,-0.14972942965630037,0.09248800694848064,0.1287491875167085,-0.46995148058364544
AGAC/GACT,-0.372018425224703,0.21457013499425798,0.07149956877302999,0.030470334396910017,-0.06828593126107929,0.19563494028377376,0.07002590518674368,0.05397709970567645,0.0816497647035164,0.18581093081044525,0.05881951103231281,-0.11821674650470763,-0.16409920634413325,0.09722693154445977,-0.1818782334649151,-0.19376205688284218,-0.02813084672574367,-0.06800825520671971,-0.008940999474724468,0.014198391332330368,-0.1988881070291687,-0.32275436027735444,-0.1924915042414791,0.041461154375329996,0.15202428186036798,0.031073811806097768,0.10984628043905875,0.20446471232350294,-0.007800511329459198,-0.006903616498046247,-0.2275818138406843,0.03674022366159339,-0.016636248965361658,-0.09684958936862219,0.019279750167692736,-0.1918310682153866
GACT/ACTG,-0.10298176750278042,0.05268870905459662,0.023356401652332062,0.09953325665887316,-0.09304664864615045,0.08648895129198655,-0.07754693226432713,0.1523973086829656,0.014234332562586069,0.05404603825917856,-0.050557167040256625,0.03514771219352857,0.04994271582344363,0.06049557504155796,-0.15664220120751135,0.233057455858121,-0.03965305649168007,0.02256894318475744,0.06792646793471045,-0.122365902490967,0.09752301409300956,-0.15617923568446254,-0.0796040520837791,-0.07158092349654674,0.11046608224017009,0.09690728171165128,-0.10745704846104939,0.18742956609245742,-0.012539719784005983,-0.1434074263702746,-0.05226888947910047,-0.029769401990895842,0.010435544218015754,0.06830625670477221,-0.06722464269973853,-0.1570592747791846
ACTG/CTGA,-0.607585937032437,-0.4260048844896734,0.041501355858971106,-0.16259118717431578,-0.06267345731755354,-0.26850574209862793,-0.1650206101559301,-0.043844671351674074,-0.023395401896982426,-0.028701211519354185,0.12369228391267706,-0.18689236593725309,-0.2929570181403235,-0.13393300755109233,-0.24886698413332922,0.09881334547809387,0.1837876887557608,-0.3259301023287226,-0.13883953028017645,-0.31835679576127723,0.16484845971046444,-0.4120338160199513,-0.1984440927633692,-0.08114079192991504,0.18468225613331282,0.1264633789957933,-0.044158664341977745,0.26148015835207594,-0.0945706098631501,0.14641056661713037,-0.3308196293126369,-0.2468254688123707,-0.09809619060368502,-0.22698633045339384,0.16682823624598117,-0.4902297131495756
ATTG/TTGG,-0.4967029712732786,-0.3647052965901331,0.0050870918108980165,-0.06885792782074056,-0.12927036707573167,-0.08157641213102879,-0.020386657854590835,0.07366621500035087,-0.03662412203877708,0.030592403059620014,0.15824964479761405,-0.1889163439176315,-0.19305694592225708,-0.09326905122381474,-0.25873805418358825,0.17809918068158082,0.11679425880543794,-0.20138018843597041,-0.0999503078218755,-0.32667714990545366,0.20592675127538568,-0.36716305303418273,-0.19003814988226875,-0.032748496525449235,0.08549866760537057,0.08728345037844905,-0.07260839213500703,0.19497455561083646,-0.1183687747255546,0.1508675810221679,-0.13445191487194721,-0.14651845604955283,-0.0724298568247152,-0.06668057842341658,0.16462530940076953,-0.4161591313377546
TTGG/TGGG,-0.5751177798341103,0.12614135570274507,0.11746364403497903,-0.14675558207686867,-0.17033644453179517,0.3061586428900136,0.1870596503330182,0.08951596048781399,-0.018180464333471324,0.2383784894540746,0.0401240158009197,-0.1505845632017081,-0.11700608150228005,-0.044527070917020704,-0.32441491502080916,-0.2235531602940213,-0.05673187532333283,-0.1433533975493344,-0.31968919862872514,-0.06400878634145686,-0.08502203574619248,-0.35082817363575874,-0.1810248141951669,0.14677830111030085,0.11579431169471935,0.0496040131103996,0.05728651905168646,0.164817121276953,-0.11079968789432042,0.06902297498639232,0.1264782432805931,-0.23459417162873206,-0.2623697474854262,0.02745198522022014,0.17472366031161157,-0.5558326291653695
TGGG/GGGG,-0.49391876764939613,0.07857102468375463,0.07300932071649265,-0.2605466817885203,0.04490038735418234,0.3126507007421616,0.23066531321331477,0.13512378404486347,-0.038581313724865264,0.23945407993796555,-0.04741484311113919,-0.21826769338320312,-0.14024443896821032,-0.017875781108763943,-0.15547319047468947,-0.21133181601568807,-0.04900175921062819,0.0652474416550781,-0.32664084998716747,0.0018815262991003262,-0.08224425716092859,-0.412591261154878,-0.10173088741791929,0.20372724725108865,-0.021827404985346414,0.03978272776520608,0.05869650017689611,0.059658397530528394,-0.0616424205952726,0.058808643108962715,0.07677042268006275,-0.072162552621052,-0.0777220346030073,0.03137136594175769,-0.017947974391038016,-0.3154540664506034
GGGG/GGGA,-0.48252770108196463,-0.03023023773266263,0.1485194986848253,-0.1479456821289807,-0.0714274990730322,0.31222809838782645,-0.01573248043897387,0.28692176429285315,0.024207559174858038,0.13169764834855777,0.01888714064146215,0.13939179594733742,-0.04686328835194899,0.013083701392334461,-0.24567678591536177,-0.18603257896702577,-0.07726958361089863,-0.14120924960157294,-0.2730296694085313,-0.07652892308373628,-0.08566458117750339,-0.3416112507068487,-0.13593104416591484,0.1236968571354775,0.11773707685907606,-0.02515489748565926,-0.01816364894987667,0.11025278201725057,0.014747353684169986,-0.09792592348758782,0.06748760851271522,0.024447504225747315,-0.10613037601435985,-0.02433443068359166,-0.013168935860043793,-0.3274564123751698
GGGA/GGAC,-0.5640646510407841,-0.22967518498975883,0.24081989660539896,-0.2564498460846678,0.13472058013902125,0.2228200683898618,0.4003114695477759,0.4216056987230409,-0.2588320493551035,0.29407276787545084,-0.07460917238151098,-0.2152884011356088,-0.14836594840701056,-0.0004782387874009378,-0.18900281176006403,-0.25794151663087733,-0.08916641453894028,-0.04782602314665026,-0.30335735563274374,-0.1744500892054698,-0.042281043842318254,-0.39767618520716996,-0.07687861788053273,0.07531992164774634,0.1539554692125032,0.1006578437899209,-0.04015822333902296,0.1373013896713901,-0.10754949762272528,0.058755870266648004,-0.10849951659458008,-0.008430759772699255,-0.0511614388383632,-0.06369241015138495,0.11004933086096248,-0.3420241049885597
GGAC/GACA,-0.45875563992817486,0.21263714222318386,0.03706776250094688,-0.08582628097313579,-0.08236774009740572,0.22235466626914935,-0.041239763340749705,-0.006760574338160188,0.10589800781068873,0.07877489945872401,0.0659652487105695,0.0587663920582544,-0.03874250747993846,0.12222914014298025,-0.1603116068710155,-0.09072902603814287,-0.03462557822714359,-0.04619932732627625,-0.12091863121963974,0.09009053932387724,-0.19208678115373654,-0.35846039987649675,-0.11889077166303182,0.01726505771488531,0.1215132257643252,-0.045659038205855436,0.05153245088579407,0.15382521964629678,0.04339003344644148,-0.05108352152943814,-0.09170784758644639,0.06702076577941647,0.008795240494128383,0.052195922050246014,0.0067407358319895114,-0.20968843391091943
GACA/ACAC,-0.4807117509289028,-0.30388068478250607,0.2750625649692253,-0.15309324370431168,-0.12048263447646773,0.23741214061261334,0.07666771794339437,0.29537592467266954,-0.1244582896215425,0.13848977048987116,0.08303175908337285,-0.22867724518430915,0.01016059367977729,-0.05217496894410793,-0.16750820372924313,0.28593467868481176,0.06473697070112673,-0.06457976713307054,-0.16347499325167536,-0.3126770258470665,0.28066494514636864,-0.34703477076651373,-0.12505853397511382,0.16895766928682726,-0.02490814044940842,-0.007876736976580657,0.005435894022526274,0.13444166800652166,-0.12160290280819576,0.15572583245676838,-0.0731549715731898,-0.0750847856767601,-0.09712259399551296,0.13391864079040336,0.13689629542588272,-0.35620461981315216
ACAC/CACT,-0.4306327851822155,0.20445679084175278,0.0033438993337463496,-0.08087698584339141,-0.12462469851855568,0.17130151945327887,0.2773501608871109,0.05100815806405536,0.017071772119652093,0.23880550315280336,0.09566741851826294,-0.19086277461945136,-0.18476957146247977,0.005946376268206542,-0.20908576796940656,-0.18148485856413107,-0.0693022326864031,-0.1525331945096747,-0.03936893358181531,0.054725447494151556,-0.21299235120430254,-0.3239686642847895,-0.21958307212650477,0.07146900998811573,0.11394042674902934,0.0859278403175509,0.11201163676263778,0.20573131383077473,-0.019193426902909125,0.0954642527455409,-0.1272021205111263,-0.09216537600495461,-0.1345357900593244,-0.08524097491672589,0.018848209753506543,-0.3504535592749037
CACT/ACTA,-0.05727507293897631,0.1317069773300636,-0.037534594467743994,0.1782031697728503,-0.06219863806893453,-0.15121981641250296,-0.12400889822037768,0.16835570084873983,0.00042898530347790307,0.08522933608593353,0.013376970594411506,-0.08588119211151916,0.07800083662872158,0.11114807074125499,-0.19193260095914047,0.2522893577108706,-0.05828943695829949,0.027035330898536474,0.12024597211247447,-0.08371808078254789,0.08207179898516481,-0.09708134894118156,-0.08687970838639497,-0.08871140761816364,0.10434596949987307,0.11241046396440706,-0.09606676939441479,0.23282419091070508,0.009222920450726637,-0.15005615122411667,-0.014466062230429242,0.10057627352559788,-0.055118822797510986,0.1731648295224271,-0.08756150065096611,-0.21791594641794287
ACTA/CTAC,-0.4847117400444425,-0.35213845489357276,0.11777552949909137,-0.11359308122517063,-0.09417953115064173,-0.0848166850234322,0.09221790541688168,0.26132962840614343,-0.08167315612646102,0.13103965555953076,0.17469279323950201,-0.1384555186789601,-0.18111662851478214,-0.056933915491365034,-0.2061598255525511,0.13996037779230222,0.0766244084101456,-0.19142295773334936,-0.11576873040477174,-0.28013477372540496,0.1673048882849987,-0.40090380490044913,-0.2504016234389899,0.05656173088514541,0.15943307194398848,0.011775871759051941,-0.014313277239443955,0.17754077581703462,-0.03223560727705202,0.16615946443074348,-0.17870779525810093,-0.0366988248301492,-0.06564717746068853,-0.0884029128244541,0.11355308925479082,-0.38151205602154714
GAAC/AACT,-0.3286614556749378,0.17475739993991588,0.14803291344678662,0.08786806222148033,-0.18946731683635415,0.43004469953788277,0.015449196656142495,0.10850789553094882,0.007980858096021308,0.10370057917017358,0.1393976722589642,-0.23007305272252235,0.0587694519140532,-0.008450975359788294,-0.16361925120606124,-0.0639536466347138,0.01408035597855229,-0.07619083226180659,0.03703715037511658,-0.033975785868249966,-0.18393005714555474,-0.281040749298258,-0.20462669140771003,0.10720659414861156,-0.023125692878446028,0.058699366923017866,0.1485466425164816,0.15918302504481874,-0.028954926851659925,0.0980581170453659,0.12646098709481857,-0.04107665931189648,-0.09596337078565201,0.05354446679408479,0.06465939348001962,-0.3705723453600961
AACT/ACTC,-0.030829735591494874,0.05185282811276755,-0.012470662532138748,0.1469274349404139,-0.10189565526181815,-0.07956608574907556,0.012081006334752247,0.20292960770394658,-0.00432428100542768,0.09361606452545534,-0.10640412431154338,-0.048989197301878395,-0.062109012499718536,0.11757357014378297,-0.22094833381917706,0.2291371682509969,0.03633290760950431,0.012767479250324251,0.14702428031279446,-0.15609876643839052,0.11099381949864041,-0.14251601446542247,-0.09447343925272086,-0.047839998781467365,0.1117889575852265,0.11725366698967456,-0.044902361095732195,0.21118090086274025,-0.11159583855420749,-0.03174801697460026,-0.08377013549807462,0.06853499016793242,-0.04757661423881269,0.08725476688743784,-0.07663565051795924,-0.2480643274656536
ACTC/CTCA,-0.4993051396068151,-0.16220182326766625,-0.006875699684503899,-0.2036875858615145,-0.08610836819606203,-0.20184196578864874,-0.2054177153120591,0.03453793167417934,0.00692925431201358,-0.06129539149410981,0.0736249717580994,-0.10751751370055526,-0.10929160147586024,0.016437726644646152,-0.1641738380665073,0.08262081126242814,0.125978261437606,-0.09669672232862897,-0.12662163221879222,-0.16260756699805917,0.0668028670467192,-0.40123820620431866,-0.18893790661834206,-0.06569925306646208,0.22121409852077648,0.07189144547459116,-0.01701188677440235,0.23226775258965882,-0.039116219115214394,0.026626548686882228,-0.3749625566469018,-0.22659579122865278,0.004628479849382748,-0.16658091419933282,0.003766902724362765,-0.34023515042080515
CTCA/TCAA,-0.5319006839886677,-0.26954934010961534,0.08733499169140167,-0.2720108828743697,-0.05224748925185282,-0.18448887629847888,-0.1076609333664369,0.06558182439653791,-0.07254825118248694,0.12192513369092685,0.17396693134502558,-0.2521293380352934,0.009142677397822907,-0.005093725707712506,-0.32005310677236065,0.24813691965019974,0.03794120611717992,-0.19023892426551006,-0.1937629763592599,-0.2949973186652465,0.24823867244648293,-0.385240247168282,-0.11102207515904183,0.005227178321888519,0.10866152528811801,0.08473912818788375,-0.10327752046030785,0.14419725743903314,-0.20483690012835767,0.20373785178655016,-0.11064049585116191,-0.16851573447706664,-0.13264957598054677,0.03704683978844997,0.16607181359793186,-0.5018954823482392
TCAA/CAAA,-0.551935551803497,0.1298229277194841,0.30606527948427614,-0.19597841767129398,-0.10916345427592578,0.346150452990472,0.37961575837126926,-0.027928700579122848,-0.1499584020663191,0.34798719037891945,0.09132296694818276,-0.29492680902759877,0.0582576491093261,-0.06128069245442909,-0.32775898686483423,-0.14903038636814175,-0.048328956315281696,-0.16354025462829502,-0.10380944578759789,0.004696426019236931,-0.07575931942817508,-0.39275514511896925,-0.22085727877528868,0.18376198985727757,0.05308276076762377,0.10925887842432033,0.14653972313184957,0.1555143149102628,-0.10839918396679894,0.1459127685899461,0.2507257304921846,-0.19615153223301574,-0.32412852589976976,0.16595933526280995,0.16853110433728652,-0.5387488406680392
CAAA/AAAG,-0.506214269775135,0.21999991496548288,0.17421838173708062,-0.05758105923400208,-0.21536371748731675,0.4483288981678148,0.14636273122208682,0.0731344868666699,-0.04796875358085807,0.19146814154527708,0.15511742076711935,-0.25084740595229355,0.11714977555505234,-0.05946629313359184,-0.22236251505878996,-0.07475214370980575,-0.04308423349223654,-0.09559859783129558,-0.04945557291122698,0.026782655344037502,-0.1037788949882994,-0.3097696442776749,-0.15202913175861357,0.13569158397045353,-0.10432058557946176,0.19968231886836477,0.0733385614702825,0.05890790318923418,-0.009339074332169942,0.11863636195589351,0.22503721454207448,-0.16010484846881845,-0.08732325559343192,0.13365934572356772,-0.033996017973133376,-0.3352453152070191
AAAG/AAGG,-0.3852761817750449,-0.017097720709941016,0.16988639327979332,-0.04639569066193984,-0.2757780260835623,0.43676149304905104,0.08925112354408643,0.23519474267436294,-0.0146150232187739,0.1950491956160699,0.2967539460514349,-0.2979217432451439,0.08405461272864194,-0.012485328588035435,-0.21746973694253574,-0.0665161002681577,-0.0538265947901102,-0.05203412675304005,-0.029827602815487506,-0.13543541289836866,-0.07513986369729199,-0.3439398497413081,-0.29684898163736223,0.23837615378164972,0.03634137524435135,0.14172651240392836,0.09144547479187136,0.19656182445412188,0.04707374212727549,-0.030354664474954458,0.21255860575058655,0.031980013485741546,-0.15252190886102926,0.12995446115471504,0.13479309929454297,-0.4806483293539116
AAGG/AGGT,-0.1939155000856345,-0.17102149287643142,0.2188071358100395,0.08195934923492763,-0.10218309291696757,0.2607064716124551,0.13240336197159253,0.2458621976812707,-0.1014294733543694,0.10915609185527946,0.1268969421299012,-0.2764066027622589,-0.07869307582274379,0.004947578874319332,-0.1641973889151482,-0.15422508054406517,-0.07453728543636366,0.07566398736998056,0.01545662039457708,-0.19328790356085776,-0.08755968831540786,-0.21794159368311927,-0.23209727561724938,0.10287961541889985,0.023801561042744696,0.02040327742477076,0.04464083767570206,0.10814421847884552,-0.06705727940436128,0.0021328955795058622,0.09090401216849525,0.04402776670031072,-0.09888542604388494,0.011349799576724795,-0.016352420032049102,-0.3180965665917837
AGGT/GGTT,-0.19446284925978732,-0.0482148225369732,0.016685376132863913,0.049731117507999544,-0.09168062984259756,-0.06199456860178313,0.0592302927344317,0.07088397951819861,0.1155695247833459,0.21838672039217835,0.04683989820367241,0.07917721602700047,-0.17301897569711833,0.062011766060640905,-0.217776603084727,-0.2239970154909662,-0.045597486905056876,-0.06639931489922103,-0.043117596986505795,0.05146117815795084,-0.27693203758682844,-0.28343711160724133,-0.2274332502499765,-0.05048621326062157,0.18613584976151634,0.03281325598574911,0.024028028489817593,0.13370918870358037,-0.10023658229495702,-0.004837294119013925,-0.17739830750817798,-0.06796782731888346,0.009704187374571056,-0.04583014290471306,0.04620580890205602,-0.3474979669956694
GGTT/GTTG,-0.4588165599968222,-0.046150337126647845,-0.059367235436359744,-0.03237655316560734,0.14117171304581752,-0.19349027326304263,-0.3739658799260436,0.016974947060297042,-0.041059145248174715,-0.04358032554733012,0.14139579196528185,-0.16090100763331786,-0.1142990013248066,0.008083225849660121,-0.14277198952279224,0.15070925043245673,0.12024832381312611,-0.03806979037183114,-0.006099214757583699,-0.13667914417799387,0.08249473381481068,-0.27928796594813093,-0.08901638629487205,-0.06044426303253711,0.08165052390629411,0.14780144928021138,-0.1121914687512544,0.0906861017888745,-0.033627916667757204,-0.13408268193508685,-0.3841133651840245,-0.21265961220557247,0.038647570767037204,-0.0647719037639754,0.11860893520079477,-0.17374077095034082
GACC/ACCG,-0.3026693317138004,0.008326083247616932,0.1384206787578148,-0.06620491078365956,-0.1190009959296499,0.11977316381347143,-0.1843496545191104,0.16125033882395357,0.08633516517768028,-0.0671611649399066,-0.05969276716694647,0.04701762733660081,0.0911698353701822,0.030680606566829513,-0.1939226156882713,0.2584928356549404,0.032002278884691246,-0.027768520934230555,-0.07146853568367437,-0.12194259350669377,0.17851813660207938,-0.2563403729704034,-0.11050297073384963,0.038099798155867795,0.07379075964717284,-0.01966970037720996,-0.02685326876131355,0.1736535283529417,-0.04621998651316241,-0.0067501634966113675,-0.0952085132478236,-0.016069316292150065,0.020411626983517575,0.024341256311593645,-0.05100059576975267,-0.20586114953063112
ACCG/CCGA,-0.6044153177151999,-0.46823331831063486,0.28726283176213807,-0.3891326618933986,-0.007054585911679311,-0.10399784371368624,-0.15047195844789432,-0.00933484454308107,-0.05152478072071753,0.07254840233909625,0.10839566445750753,-0.20817021544898473,-0.13384116041879568,-0.061870147630521954,-0.2509467618794349,0.15660686794631626,0.07154486666207302,-0.2900029097996591,-0.33298194400651737,-0.43168751549646506,0.34663753486779375,-0.47612870067141055,-0.09881503659661796,-0.005614312469105415,0.05921284284117373,0.032487888934889415,-0.08920980151979348,0.16134096247218124,-0.12167653620451638,0.04812791047963498,-0.1669003308897869,-0.19234222071562673,-0.09497777846029828,-0.050819307653955474,0.107667097968023,-0.4745825624767245
CCGA/CGAA,-0.539678855513166,0.0723718531379909,0.16311616032729476,-0.29673854294419366,-0.06852453910644217,0.23459589917110163,0.3029820849064379,0.12024945760217191,-0.050923607991375214,0.3793398846178725,0.08259655351667296,-0.19306251830386564,-0.1904320040513061,-0.12487607581698909,-0.3580302160767413,-0.3423720532480262,-0.09928862891687341,-0.21524200118358866,-0.30822450472814733,-0.14022838108530788,-0.17445233474744357,-0.4675771830658932,-0.18940056546111161,0.0032771574019912226,0.08870946106861904,0.11709553509382684,0.0837279350225054,0.10260200720658935,-0.16040349702710002,0.1770145809191163,-0.04086422982248249,-0.22330625018439915,-0.2873492695082482,-0.03465215330041558,0.1430943012704804,-0.5493362532502492
CGAA/GAAT,-0.47860903148656114,0.15572907003914344,0.15489951384280704,-0.10138109316077976,-0.220726326035117,0.39769185672266855,0.2751703097123471,-0.02659680095052412,-0.05009798647513546,0.2469050058106333,0.17537410010217322,-0.345288269932883,-0.06262043151071293,0.057926483948016146,-0.2178936620575057,-0.17076577290015138,-0.044708797202337974,-0.029580694957466836,-0.09460875795047363,0.027232627374534184,-0.1320029669626452,-0.34739277657786954,-0.20440796781240464,0.1252541932601414,0.1457607160242193,0.02426632041406753,0.11397000868825193,0.21091837378927278,-0.013487326171484413,0.00821460333660001,0.033568836383516515,-0.06524421075801923,-0.1434037008595916,0.043198862351911727,0.09197013266884305,-0.390833637491869
GAAT/AATG,-0.12117535918821412,0.07484203881047914,-0.014284928806258226,0.1674107750585448,-0.10750795361918804,0.06025366001298273,-0.07549338398422242,0.2100658846799848,0.10861598677520967,0.14273593908300078,0.04579388236237651,0.1036888396130994,0.026482354417232214,-0.010615186608855463,-0.17201513610231287,-0.09491373487491071,-0.015419197805025563,-0.03231937918887992,0.11778627998446743,-0.08066930880653825,-0.2223157022836321,-0.2288959951885243,-0.17198562278053525,-0.04072860602601835,0.0929241777972459,-0.021339744314203758,0.06901398184130077,0.13619282323736417,0.005602400951739579,-0.111806354044331,-0.020957262048577424,0.026190977142610438,0.01895270353962534,0.05042896283214576,-0.011400762994326361,-0.14736407026960027
AATG/ATGT,-0.281917920545756,-0.12311057964391905,0.17407278267968007,-0.03640767037580357,-0.2006380977750316,0.24099226012508576,-0.15536436761710268,0.0993796364902402,0.057793780528178997,-0.011415184787019321,0.07589153630039931,-0.04333137531394258,0.1283553273173271,0.14387020462875413,-0.27345318775974675,0.23894142815311795,0.033244232374326145,-0.10377358832251744,0.013474171719683684,-0.22681521436896543,0.19143012520155728,-0.2988420290416847,-0.19838123940290878,0.11778738044783066,0.11770175351987908,0.034975337626307536,-0.05375887401473958,0.21062427669496217,-0.05213652479107782,-0.018536367019281817,0.08677405518891071,0.08482234850195804,-0.15927120124295874,0.062405886388012345,-0.008954934878440356,-0.3371871676133788
ATGT/TGTA,-0.5318174034193673,-0.23323054784146088,0.13937236249593404,-0.25471782578565744,0.0045122401439189296,0.2566299428052102,0.20547856522586816,0.22130308953843825,-0.02081054274809008,0.28413031172999437,0.06145988134924756,-0.13415466425810865,-0.1513549137173134,-0.12082072156257773,-0.18996394343432044,-0.22398052691171785,-0.04691676024770343,-0.10245264447910642,-0.08801089607558303,-0.13819719556526322,-0.20238811007868854,-0.3268468280340097,-0.1715950344432381,-0.02398005921169591,0.1103749784949018,0.14512703681527553,-0.005873481688215508,0.08778846511854492,-0.12444507022453237,0.11095343455288065,-0.05882080908624361,-0.2645078519817632,-0.007429389258272959,-0.04186397409684336,0.13945917609123648,-0.34529644005280324
TGTA/GTAA,-0.5850394223795572,0.030678581798264763,-0.03885589400021204,0.05340905737905461,0.10383233123495475,-0.2317536209980766,-0.19392449317332666,0.0895584109467048,-0.012328415687303538,0.07287568539903186,0.07517586376738614,-0.11071973176344471,-0.06984827216092383,0.15650518035660546,-0.24857251074047335,0.12719219664495118,0.0913602010595584,-0.13457469763730376,-0.07928625039281309,-0.09724853934951146,0.0742134614237884,-0.29160749993336715,-0.13793750316064107,-0.042062452338951666,0.08511464984750945,0.06307074586631499,-0.0650523123143284,0.1520330519533622,-0.018101266758766978,0.03235426675389886,-0.24745881741168424,0.05423532331609648,-0.10786251991674227,-0.05823225589240795,0.07757634740485753,-0.32309202579826896
GTAA/TAAT,-0.5276166343894878,-0.1159711787421813,0.23672315293217264,-0.09052242769463668,-0.1160981643973026,0.17234906919947215,0.40193076230237285,0.26602025117148564,-0.07657642585901608,0.3213121399948765,0.0634754550451148,-0.09087693780327942,-0.03216495781464109,-0.09360461274747343,-0.25199125851337484,-0.21493629866771674,-0.029062213259629672,-0.11159846385002724,-0.0616586849057576,-0.0929093817023075,-0.20209247637186653,-0.3690380969487575,-0.15440184736909743,0.018333707594176542,0.1137553331339866,0.18915197417140098,0.05834090234722303,0.23778441608977313,-0.07268690376499003,0.11857706890856806,0.04469657969017632,-0.19968267730248987,-0.11410874542120832,-0.05151646439814081,0.23623579493891625,-0.4076981514404926
TAAT/AATT,-0.1393618667562703,0.10530496090339495,-0.03472706969961298,0.17290687774093205,-0.12441499067916036,-0.07766669063039962,-0.016129823268892767,0.1455266473245728,0.1078114764206864,0.16729850524057985,0.03057058606434118,0.08908011671430079,-0.04460643539292201,0.03839898474777061,-0.16595085814872731,-0.07903696555065105,-0.0301178606358554,-0.08734966444593428,0.08797589294967503,-0.1140993673750228,-0.16634477174447007,-0.23371752628270703,-0.16907748679165477,-0.046010391962135334,0.053434453173859135,0.020522737785832856,0.08320213097502184,0.14672283308739142,-0.057386033445649194,-0.055332855789540794,-0.06686269533961403,0.07632253618922653,0.037658990588444234,0.04745525993161924,-0.08250284183327393,-0.15324409110100773
GGAG/GAGG,-0.5388722628201733,0.18271845131358705,0.0688203845926235,-0.19816722336874962,-0.11435842827075683,0.3006423844070197,0.16177351372737436,0.1489142521442833,0.04108475028004195,0.224861385483789,0.07509749507282118,-0.11808878420370497,-0.10533616282731466,0.01659159336022873,-0.22972144225171426,-0.15442465023647836,0.06451630251953788,-0.1676891288265219,-0.07004705175303752,-0.08475532665314608,-0.08970365953192948,-0.33967445740195934,-0.22820774487838852,0.13702589455375883,0.17490231459684435,0.04333936178548723,0.09376717536701748,0.23575937849961326,-0.028530535289140135,0.01143217842904361,-0.017680923774951642,-0.06428124331879002,-0.10801299199895442,-0.014158865917993532,0.17407291512212353,-0.4460505416891558
GAGG/AGGG,-0.4202512087059421,-0.03226421880113725,0.22141344250268433,-0.04135471977687237,-0.020131365860960468,0.4006048257676551,0.009684098124760544,0.25225391935308566,-0.0973192177648278,0.11045423765966704,0.13221887772893198,-0.16332200085482154,0.0895448917805885,0.002765247492888968,-0.19524362171207602,-0.06125045962427936,-0.09653126636507431,-0.10979523833256605,-0.15520371152003695,-0.1298634112066769,0.026474277182384136,-0.2167368955402473,-0.14348323029358295,0.24740161869414629,-0.0017811084322721176,0.04893999338339624,0.0062603408330292615,0.08115032182247649,-0.009560600977098816,-0.02441957128482881,0.19937712527649246,0.06157279114513474,-0.1888534023900345,0.11030998863304009,-0.013327038344757281,-0.4536186598710901
AGGG/GGGC,-0.502414692382739,-0.1615145151408723,0.2825456490366515,-0.2289603970415665,0.03789111107584918,0.36676547416652205,0.3861258867816583,0.2401788577978826,-0.1983313758814526,0.33891260251652333,-0.032852505196408914,-0.335353807241736,-0.2577165962906533,0.009720313169158671,-0.11322739470508274,-0.3083301819690328,-0.04436627953094372,0.11668205539356644,-0.3294126839140636,-0.16383626947128596,0.03356803911846221,-0.4153929574568337,-0.09571056942620268,0.23238804311428077,-0.07334655543328067,0.057404780872923986,0.02786493101838844,0.022504097345176652,-0.039070214639464175,0.04912238477257473,0.07622007216939716,0.03293222647177983,-0.1250141331457537,0.0022266491860290093,-0.003679116561428122,-0.3112147375677168
GGGC/GGCC,-0.34181868839699187,0.055683815824858034,0.02951494494506693,-0.14109692333099377,-0.058384335646965366,0.19239892824432242,0.18310176867890143,0.07050628131290411,0.021280583837366775,0.18891209975610077,0.07665542047292603,-0.13548365865623452,-0.25291002759296394,0.1817856510150784,-0.24015329712920386,-0.27302822859228937,-0.08757826440532121,-0.09440452073903585,-0.18599108993888952,0.09193418639469723,-0.23140302273688065,-0.35392380381943117,-0.18618503270707776,0.06515429786731516,0.18775673409605637,-0.1313615072384509,0.09463247310169882,0.19973584603465222,0.01476780073354126,-0.023123102376271933,-0.21994321661910857,0.16660554201831257,-0.12132767791913199,-0.17609765524669585,-0.04705157893523447,-0.2515155560474656
GGCC/GCCG,-0.4310544709439073,-0.18507761011143534,0.15780538093321825,-0.20101625002800605,-0.06911574523557537,0.10292876279315386,-0.14025344733337536,0.04653622789052497,0.044629987072281524,-0.05509718966413888,-0.048662134629407286,0.009817849817850806,0.04939546692066235,0.0423298754705909,-0.12692392510701558,0.23959847799094464,0.008825948355920394,0.03337629042628435,-0.22181523024924724,-0.16115592382329819,0.17531147880874717,-0.3562132353969912,-0.09324696734223814,0.031246028458447265,-0.025814298348018593,0.0839526472578338,-0.1373210144675498,0.11256998574003907,0.06180080915131987,-0.13541838326958403,-0.178578429542326,-0.1232353118639924,0.06017596366182365,-0.05902829901389388,-0.05009868417663323,-0.14471903916834938
GCCG/CCGG,-0.5866320659957966,-0.3534250066673103,0.2004725626083656,-0.36121787809562955,-0.14383785884966607,0.04464563408425766,-0.12792146215312203,0.08226786637784442,-0.12738037294366902,0.11825944843830834,0.1471321522502188,-0.28711235537027907,-0.1770816336855204,-0.001293605962019217,-0.30378983501757956,0.20076290929954801,0.13463997262095048,-0.30698541917019245,-0.3092568775848476,-0.3955829545872506,0.32722121244202595,-0.48132992706164723,-0.18536862294649112,0.046024897216192864,0.08581729831835341,0.020728144470763363,-0.05596576683594224,0.15029758818851954,-0.1230481117644503,0.12826684042193093,-0.20675784152549329,-0.08372470245485723,-0.17895342124791003,-0.02566411153417376,0.17659490802381683,-0.5107225567144291
CCGG/CGGG,-0.6031051700068552,0.18749468846719683,0.2231268851952602,-0.31414721972976156,-0.15144910609655501,0.3022376069805273,0.3518410549625274,0.034010533951162575,-0.0369861706065395,0.3725818466549616,0.083155756116249,-0.17612111750164605,-0.1839834318473677,-0.10428217844426324,-0.2745813764470132,-0.3065895330520151,-0.08940735089141665,-0.13022826074811522,-0.3648053024410528,-0.003231751796944256,-0.06778494296265532,-0.46666453548315634,-0.20592352647730616,0.11706710354246902,0.07983011985984136,0.06302724621239685,0.08814408640169161,0.1278523060478924,-0.09197772924563728,0.1000693684564731,0.09597048724366393,-0.2865100734756327,-0.3185485483270881,0.06070629535000627,0.11245962645442692,-0.5261406309006814
CGGG/GGGT,-0.4110120928548012,-0.004753469268858539,0.07589612066484953,-0.16535658451335433,0.05436657715525329,0.2076375934138215,0.28016460573341023,0.10563477023898786,-0.0009272275946026902,0.23154998570161892,-0.0582428079501099,-0.21537374465162243,-0.23963648186883207,0.07670306812155185,-0.20918393924510456,-0.24772467721876176,-0.08922641700965031,0.10448406118867107,-0.24695262153432943,-0.014234270297032933,-0.14678255604657875,-0.37568211199238816,-0.15437222495065417,0.11893360043015629,0.062456987519730105,0.011174137778842918,0.012234167939433669,0.10850878356373646,-0.04513799149661929,-0.00988734654347309,-0.048084313759532336,0.06209754904048834,-0.09046836416752829,-0.050495686938894,-0.1187420036980038,-0.2471604527560085
GGGT/GGTG,-0.29986763382484566,0.022856127154825465,0.02987811987260906,0.015348200937411946,0.0942464657632802,0.10368787946305336,-0.009282490450790416,0.12344689099567742,0.09748330916316353,0.15765500833281862,0.011787734997309623,0.12605257015753993,-0.17413681233012143,0.02810841701740915,-0.17555789825723125,-0.18192922350266838,-0.04797036800787399,-0.024567520442296154,-0.04267688571831423,0.0007487523712216631,-0.23753448652329362,-0.2588132338778222,-0.14823641847475527,-0.07740517216902887,0.20100307694528258,0.060479367048487775,-0.08501389968390158,0.09879025402919618,-0.04675250555096073,-0.1462942003694883,-0.16363588118690578,-0.11899787601089018,0.08839488323205315,0.012767680629241619,0.09179326879737372,-0.20985043781790805
GGTG/GTGG,-0.5375201864707554,-0.21410879190095428,-0.06478580953850648,-0.060544248908667636,0.14076357676344756,-0.24052598975854858,-0.2819404902462272,-0.06294123456075493,-0.07101423385285774,-0.03630405115065831,0.1550299684616053,-0.20786104100879718,-0.20758898879129242,-0.056247328779567216,-0.2593802845269758,0.1660347967457677,0.24920268102234333,-0.23017426498185226,-0.10481680789906701,-0.23376708222512127,0.12031881597628256,-0.35379732934874697,-0.07490054461279144,-0.050810138551687055,0.13619693106809996,0.13289016233850615,-0.06086860073877864,0.22264324033393892,-0.04738592899656877,0.06450637068943461,-0.34768738274357364,-0.236654031094877,-0.11966479334941807,-0.11594653093676265,0.24672269802672298,-0.42626188851540847
GTTA/TTAG,-0.48568220778174237,-0.327075129775447,0.04073212576561647,-0.0623691954136493,-0.14102016403677067,0.14295431790844834,0.04434556502553883,0.18736701920403834,-0.08438278672676323,0.14935890458477064,0.20835925920817808,-0.24795511398715214,-0.08337697401668132,-0.012046501773774717,-0.27594961000834045,0.2195538681501762,0.08824245595978743,-0.16047448860369432,-0.09504845676088979,-0.28249787425862843,0.20016571925421386,-0.3600972896320848,-0.21992790001100848,0.028781593764434035,-0.0077282028170049715,-0.02809460644993287,-0.046058431703121364,0.07853095769856228,-0.15505114484165328,0.2192464259986466,-0.0022840272548033886,0.015741493095253616,-0.10366895779621767,0.061171535378513754,0.18612771344317697,-0.3918571056430036
TTAG/TAGA,-0.6684012393908337,0.386126066538138,0.22210666980106086,-0.184151262463751,-0.36693480723777316,0.5161415422466441,0.14725873414704357,0.04917220332896948,0.0379925755958129,0.2040181119175008,0.06999268271964323,-0.17194820980125305,0.026876079541779743,-0.041507750593658285,-0.258948344885327,-0.09186714254275803,-0.059227069861793144,-0.10196730119031203,-0.09359327764227662,-0.014217536280774322,-0.05852236239646023,-0.35880301743398774,-0.19481312708592285,0.15753261442632138,-0.1321085820233405,0.1810777644668333,0.139361929221184,0.12299285626055943,-0.11587318523309287,0.16993065528501078,0.3554144276276628,-0.3106969340402627,-0.2586082818468957,0.13816275344504106,0.21597845476436353,-0.5233580465640599
TAGA/AGAT,-0.42476223726652557,-0.07656016267793772,0.19232065768504322,-0.07975499864104264,-0.10661784438462785,0.33513985112569006,0.3667548129694772,0.18914320594570397,-0.08750478438275541,0.2423846376934641,0.22390760696420892,-0.39443471500698385,-0.0773252688476136,-0.06253625249060438,-0.20069976375383777,-0.18771343611740432,-0.14465002940625837,0.05341650820309853,-0.18771796103574637,-0.10608037059675052,-0.10816972721086553,-0.28692642196261103,-0.22310103127964975,0.17884470445193779,0.013763194311435897,0.05324165925647909,-0.008034113712390349,0.05768526698442236,-0.1021779211276483,0.03453487646691984,0.14653904812216204,-0.05334794781925528,-0.03701340428372132,0.10339461676959007,0.11838833945896157,-0.3784696046997031
AGAT/GATT,-0.28091431784216886,0.17980209590278629,-0.05685855310966115,0.06399964317709628,-0.07082291698638565,0.019671854564151176,0.07570880331083939,0.11097986974856791,0.1470721692632101,0.24862206667359274,0.016857406060292627,0.11583398268399475,-0.1622883080456924,0.07948941060976046,-0.22528639031212794,-0.2111773275901684,0.01823863085735965,-0.07443437647965705,0.059471279783508406,-0.0010350895062644983,-0.25376644892717604,-0.29554406513985304,-0.1841695121949962,-0.04917019174048838,0.2447125296968483,-0.015001220333217916,0.10047342071609032,0.19773284093212634,-0.055977590222152894,-0.020861089465811878,-0.28844670772809383,0.007433705763480564,-0.008220746570647986,-0.08767456007614104,0.11202684607997812,-0.2289988450363372
GATT/ATTA,-0.15094148999553503,0.15184473961918335,-0.1074817402360475,0.22837700086310408,0.11170512629772687,-0.2784722390822617,-0.0981153017937329,0.04357763879320677,0.08486453948713535,-0.09282402607723514,-0.12301035550353659,0.19925810554053963,0.04026011238249827,0.04725960626408597,-0.09692073876895307,0.09386296639110525,0.04764685131909911,0.0972369264926385,0.10594380816960937,-0.2140276817619743,0.15101050546309658,-0.30657034640578207,-0.14957241655822684,0.10732068840004616,0.08334991868108085,-0.055170183445270644,0.05433315111424036,0.013470435517599723,-0.058060530760971014,0.03721756078491816,0.04535302310361265,-0.10718182905570155,0.1076471104412139,-0.1348556022123539,-0.14210913019134172,0.1433133622026909
ATTA/TTAA,-0.6392259082862748,-0.16464724784126505,0.159181624506266,0.27719523834420184,0.257208309775692,0.33514885576370196,0.25343105461264726,-0.019860832358253748,-0.12953944900353664,-0.25405175811968395,0.2516292868330534,-0.4198009858736729,-0.40608979415354385,0.15399378639038316,-0.10865916374087152,0.3720244532886619,0.28519675716296317,0.3845935119132292,0.3641565911370435,-0.5078241655849124,-0.039926837975804465,-0.5919435639896602,-0.4333102434035287,-0.4309932203597112,0.13180114717222743,-0.021985926622574772,-0.08210696515880164,0.003327744941191839,-0.18023143074027273,0.06303069671374362,0.15460316275966957,-0.17505961494780803,-0.14244884047673595,-0.14686225192339813,-0.0047533907566977215,-0.5162079435798246
TTAA/TAAA,-0.577460029373554,0.2893336868776891,0.07415566578900945,-0.2097688698146946,-0.22559226642707114,0.39852609880948126,0.2192383321419612,0.06186334979023516,-0.1307700675615388,0.3530819198270813,0.13706209759288526,-0.20348968612338458,-0.34130580821824696,0.303019890095015,-0.5014857664361898,0.7169356682340114,0.07853648404503416,0.4554395527139337,0.20633544065753456,-0.26545943799911176,0.1961116208990874,-0.586683872826142,-0.19911097881779966,-0.11320121960604916,-0.27745127723326096,0.37058547890436955,-0.2344702801090265,0.5031666977144592,-0.002535264751311911,0.3260482482478846,0.05058383212733819,-0.068017739233832,-0.3374507230567586,0.3545652087877256,0.2052784320797179,-0.2894515995439737
TAAA/AAAA,-0.4401103300998418,0.13249531566212608,0.06832768680427512,-0.03575688535803273,-0.177447604460679,0.38465284729756505,0.16256175768278633,0.11649430878306322,-0.05881742577542073,0.21847663085800878,0.18594783905391488,-0.2871344984001662,0.06643596388870963,-0.059042884973607455,-0.2961128255216417,0.18582001722293826,-0.21136679842380846,-0.16571143224148316,-0.08454665768021967,-0.022396901425903986,-0.11149155753842743,-0.21988611433730787,-0.18066503218602636,0.138900606692457,-0.06451439873237416,0.2070591646529342,0.07462430687157275,0.046179157620583985,0.014550459410161287,0.13247744640515147,0.19376964576904074,-0.16248135897237945,-0.4114778896272272,0.3354345896599066,-0.27807604599273505,-0.43992232333500525
AAAA/AAAT,-0.31063583310177306,0.07354941244716275,0.22457592283275837,0.023719514159508615,-0.22848761350685118,0.4805356981347978,0.10734010449418163,0.11677873290649814,-0.03271840097286162,0.20784476614856853,0.24252524463819508,-0.3697256031935152,0.09320571555314203,0.03350046466553158,-0.2307400773776671,-0.1210003885518555,-0.036668514874482576,-0.07863385579997834,0.02358265274311003,-0.08323009325365943,-0.1088730602340408,-0.30480653325262785,-0.25876074959031903,0.1740374547286549,0.05141850484867772,0.13140597118645247,0.1162817678495961,0.1580695413788309,-0.01850461447355711,0.06121029416336683,0.16917996632564375,-0.01783968355429682,-0.1362294341061018,0.09884802352008644,0.09282316740674415,-0.4163802288766024
AAAT/AATT,-0.06662755273941644,0.012059422011508747,0.026002134540231963,0.18077131650473038,-0.138334985076541,0.05465746015124845,-0.038402547618381105,0.16011442336083834,0.14631488230964246,0.18635396194510784,0.06575393684889863,0.08988588150095093,-0.029078405667586717,0.03089296437033346,-0.1881616335507079,-0.1452164628813248,-0.018308409991312963,-0.01745202730127984,0.13126955532733392,-0.09298038794738245,-0.22442311372224324,-0.23185427945828738,-0.19139052022068836,-0.03441960673044036,0.08697098296965629,-0.017861541516212835,0.12203813133851231,0.14959990738950943,-0.04694540559581993,-0.03390793741587055,-0.08370784296257251,0.01718256363747774,0.021911236217967957,-0.015140756187892037,-0.010553075597100713,-0.21454817635537915
TACG/ACGC,-0.48880793965228186,-0.10869290460391041,0.29937618209022726,-0.2174205535441495,-0.18818809223796226,0.34209831647379796,0.1653135766888008,0.1504337783539114,-0.08746063121109969,0.1380934059810421,0.10644269062854485,-0.261165138606204,0.017325797609183024,0.06539425890124459,-0.25983860957053606,0.269966745042508,0.03155695921938864,-0.04610859840221939,-0.25252013083838754,-0.23799064146640744,0.3285470967559561,-0.39262273170403955,-0.1564172548651355,0.24037174777168754,-0.12150872256686043,0.016827060662126764,0.015360232417930594,0.11328383831798086,-0.1278742111341902,0.15033240104948462,0.03307530225192797,-0.016032864254844986,-0.1896411295842156,0.17370330880388105,0.1008029093383636,-0.3541949293185104
ACGC/CGCG,-0.5251586066065727,0.15211721786937132,0.04696665999927446,-0.2898421841472907,-0.147058797946244,0.2187072063598271,0.1237295159082617,0.07067905091097297,0.017419859028298533,0.1881566888500322,0.0809508166114336,-0.11095227315988802,-0.08362042336698823,0.0761893997686199,-0.3073354919361776,-0.14654748969751372,-0.10853413585755155,-0.18413668995313676,-0.36135728737239653,0.05360545372375019,-0.13914389283231196,-0.4386251003028606,-0.21141991197999774,0.12089724430018489,0.06189542460221333,-0.044848791515307504,0.10385154838390585,0.10355159038662658,-0.043582484614451744,0.10203195917660737,-0.037091517928241356,0.05402610731064093,-0.19674787567508875,0.06623115961462324,-0.03831950582729158,-0.3957813838560908
CGCG/GCGG,-0.42996782246630694,-0.17023843647582276,0.23589988302340875,-0.3436466278381775,-0.12375040784417603,0.29681549160960713,-0.05315197998888128,0.028060690132332235,-0.13741486764482194,0.06135377855508177,0.12731165920069015,-0.2590252573154433,-0.03713558866875314,0.003504707342050293,-0.28556711733010726,0.2156883845428383,0.12411540803138914,-0.1932341575635217,-0.2151723396178394,-0.24027748595726797,0.3481454773643998,-0.4351191266658461,-0.15422115956196933,0.3197740420524416,-0.04959993539308673,0.02228806231341849,0.012077182150445315,0.08946108672033161,-0.14602658043040243,0.11053941724180497,-0.12094104414086261,-0.09279278259873254,-0.25643190022811796,0.02594037899499664,0.20124610603583823,-0.48216720943542396
GCGG/CGGA,-0.5228924809842719,0.1373280478688262,0.20593664378396517,-0.24489012842568741,-0.11272556635439995,0.3015203716230556,0.18564828972434066,0.15700998416301437,0.030572251837518993,0.24239440375788998,0.006461868040379477,-0.10749116250049813,-0.12414758196191884,-0.1188791224920131,-0.3042324700631006,-0.21097245784046323,-0.055085525410205394,-0.1815622612987712,-0.38561861884473014,-0.052806634145457915,-0.07292611223293174,-0.4305781997676389,-0.1976204044459361,0.1345909191291883,0.09638747379623153,0.034005839513303514,0.0033968793518954683,0.14489951153116956,-0.06025507666391892,0.019683198446710508,0.08908136562545937,-0.22878912434109291,-0.31828093925408907,0.034391553141110254,0.06594159626942976,-0.5396356072438552
CGGA/GGAT,-0.5247775167768579,0.002694314315165959,0.14115121263269542,-0.2394726475650026,0.10206905209628106,0.3442991327228057,0.3400901982863857,0.13711667358619498,-0.07850236112990007,0.32876363249293816,0.07185331071808213,-0.31530903958943163,-0.19175415600307452,0.061240669976165486,-0.22993875480254553,-0.26147602484183563,-0.1057673412308118,0.10318864036691071,-0.28976856168542287,-0.01476274856367188,-0.1212919421229531,-0.39262316698571015,-0.13650725046077122,0.18324352545575964,0.0003022089080285233,0.08479665082914147,-0.04215288138685039,0.06766153192425337,-0.13083369673732925,0.004138682239985869,-0.02407508245498693,-0.019213597049901568,-0.05420589653713634,0.03243313083163547,0.06266695715119562,-0.2231578242273923
GGAT/GATC,-0.2602433817532049,0.1863302741789114,-0.06635935998157343,0.026485570536511828,-0.028010193458143498,-0.0678088554544533,0.045989749316752836,0.11291559390472158,0.1035998938044663,0.1946276702805023,0.01656074590193288,0.060655526725804494,-0.1489852671532314,0.10281798547279074,-0.18967739577243506,-0.17773898606104385,0.02129167276262176,-0.06684057820280163,-0.0031236504069627573,-0.0013958060488993634,-0.2284436804322624,-0.2882237116054795,-0.16117391796722527,-0.04387532326175425,0.20651220646386442,-0.0586229597321846,0.07426975567993745,0.17868036914682023,-0.024345951152254346,-0.09905361292305395,-0.24630303243718385,0.0792537592655371,-0.01792100322541647,-0.08992757641302612,0.08549100867308845,-0.20281914271336393
GATC/ATCG,-0.2929400454717515,-0.00991316473467259,0.08948228349335845,-0.01911557933611957,-0.07261064312329198,0.14947447988352833,-0.19328033049851773,0.09881944503874368,0.07141193904735857,0.021309730265800183,0.014447403774697349,0.058492993902127484,0.09589456266652202,0.10144148118935287,-0.16121145105591406,0.22227283812020598,0.03545839845630971,0.008603196710245968,-0.01918436650051782,-0.14867401662739604,0.12500982151670548,-0.29164911089008505,-0.06787006516563358,0.005872800306901762,0.03166948402786516,0.011915837602988042,0.016264795587819573,0.13936270504611922,-0.00895168470167996,0.05259788777719322,0.032303248730262926,0.01673577987557799,0.013673450425574272,0.07472076228357702,-0.16507495018946455,-0.11942473843711453
ATCG/TCGA,-0.6239672929783433,-0.47634866051235103,0.2523118452439889,-0.3925301328881425,-0.18018130008977057,0.1712358833204823,-0.14167032932195836,0.018042295995908307,-0.06220299540299392,0.08990086962464991,0.08059103860740624,-0.15286528898113522,-0.13014396625264452,-0.07917623070932273,-0.27044656140383977,0.19762763952571819,-0.04761894222656666,-0.17853854271577618,-0.3611135541996286,-0.47389744636822845,0.3505753756915891,-0.47572536471248533,-0.19035990163090405,0.0938199012839657,0.14261938609818123,0.15531344147179274,-0.151029064095992,0.2184020772762207,-0.07265087121151478,0.04789200212618702,-0.17821982953951296,-0.21789313686238507,-0.0819624085251539,-0.005485292719475653,-0.0025824471528995223,-0.37253513396671956
TCGA/CGAG,-0.5958680895387005,0.060479672480375474,0.047939689750081935,-0.36372127059021025,0.02749586683728019,0.08231010609125534,0.3275014626175045,0.08523630875965646,0.02586740338268592,0.39020530683439847,0.037930337336214405,-0.11921887014035285,-0.1737212698963042,-0.13982839967435676,-0.3759603951554941,-0.33309735131505264,-0.06960315491933701,-0.2310624668975225,-0.3708358653396696,-0.11516769240671637,-0.21566778504562525,-0.4869185848914,-0.1017328253762189,-0.05591742106160184,0.14461339563659273,0.11671490910534482,0.055535104754696106,0.1404962195471236,-0.1617511754250708,0.11861422373624647,-0.07536127208221127,-0.23764940395720674,-0.20713840180797222,-0.028356594077140754,0.15940162503574695,-0.4617450594811926
CGAG/GAGA,-0.5351620790928668,0.2441488672512817,0.08121244451215323,-0.1663355863080391,-0.1286030427919193,0.3482211423291174,0.03529384382684467,0.11060761307632992,0.07624515786314207,0.16739966389823085,-0.024927357728500948,-0.12031904533403882,0.019921433743310235,-0.03586529774800253,-0.1972433098948135,-0.10729162205221736,-0.024088166739904052,-0.11512719964210638,-0.11971271978705382,0.015950438170395605,-0.12536948607052967,-0.35844185890167907,-0.17492472110770627,0.0928454351518874,0.09618635685781081,0.004470149950774898,0.0945515510880761,0.17994922643446687,-0.03900942390524071,0.018149601890467885,0.0750447626769782,-0.11795309243710596,-0.10347770367452992,0.010498165127811328,0.06502772779277803,-0.378081042779996
TGAT/GATA,-0.2991564621524579,0.1581660841284552,-0.0833104089189045,-0.03462519829690832,0.0341203580896309,-0.10549596075327011,0.04019950929704198,0.08101865169171708,0.14042422729068832,0.1544633967047248,0.030218328693895104,0.06275633864080063,-0.1206471577740125,0.06688474356561944,-0.18651420988544914,-0.14108678468207603,0.02624152115129022,-0.05244532351300646,-0.004290686023292812,-0.024414975308704148,-0.1962008156415771,-0.26288548933399775,-0.10090726525209252,-0.07723656465791394,0.10968166267865005,0.038390312633250614,0.03410697799179428,0.0955840789206473,0.028516711554673856,-0.107161177919968,-0.16402322038434064,0.02010011144804525,0.005140353901886061,0.035611702396806104,0.02375958369331097,-0.17261800565315633
GATA/ATAT,-0.32574903880410355,-0.13678584444317266,0.15207262248416625,0.07573812826096242,-0.21701190088905392,0.2694961990037568,-0.07141512935564186,0.21942930763716495,-0.020905135549777357,0.01696420797014621,0.09254634251925722,-0.15660993249527305,0.07981783589808343,0.031486818399815,-0.20786831681903858,0.2304348737585266,0.07007556159739735,-0.06449519356033953,0.059709739555342776,-0.22278593630125346,0.1589864470507837,-0.28687008847173856,-0.16323309173807213,0.10586793010352887,0.07595182150380761,-0.0034104248008483763,-0.030951387119553645,0.1807315808614402,-0.036792524521877285,0.06091653310327784,-0.013203184433366232,0.046259186352153765,-0.07941584382842196,0.01740370719113814,0.041745843721609735,-0.2777107605223472
ATAT/TATA,-0.3703556947040012,-0.03914772800736988,0.0023297348219482685,-0.015778408947789955,0.009648048371759881,-0.05352259529244317,0.14232932142010857,0.21337631130215845,0.042101030037110264,0.22533094729538974,0.01829163344903287,0.05810430122005841,-0.1664949261593767,-0.04486653645702875,-0.1869384371126034,-0.14464777453554367,-0.003604525462543649,-0.0972792099378296,0.07960695458774424,-0.04217885802133576,-0.2164809500864067,-0.3028617829696446,-0.15999671546867372,-0.018329651547062245,0.2426966636016326,0.145737613919873,-0.006104578684573126,0.1659755327199478,-0.07581978837956606,0.048837906994901356,-0.22414002215547613,-0.1731672413444455,-0.015967507656726002,-0.01594561717766168,0.16033186306790578,-0.33122606689238376
TATA/ATAC,-0.4259918138692385,-0.12985173805884098,0.17227177283558004,0.05100509221162051,-0.172153899172842,0.23773984382020896,-0.07497845041467603,0.19082958303762387,-0.012311847956331664,0.09661378780608637,0.0200254277988171,-0.10531824221320224,0.04928930487109122,0.09785780123109133,-0.194183842391574,0.19263044325274178,0.0541959263318808,-0.05495670250423054,-0.07623339945064864,-0.20169450955789292,0.1700132450906702,-0.27312319565475274,-0.16331710878066727,0.10302407973855575,0.04086738173991627,0.015394689187481603,-0.036131352943486635,0.12055741033025255,-0.005957806856926824,0.06755204023826009,-0.021488213774141823,0.0528655754337965,-0.04572421699611635,0.033833343483181066,0.016647361333415853,-0.24129486310634576
ATAC/TACG,-0.4717979791856084,0.06094201889102949,0.04667350694884311,-0.10887128491596285,-0.056689863979917474,0.21040659884909507,0.11509214406675025,0.12186495819679255,0.06393019727216388,0.16886870446512672,0.050775097033531426,-0.041700074474266435,-0.05364445254010821,-0.0865331738527524,-0.22472059125697152,-0.11129420045823396,0.026972517762648016,-0.18781225389102646,-0.04549285508232844,-0.04071982008720892,-0.16353931081598347,-0.32047168674124943,-0.15268394750035819,0.07973326326865464,0.0035942821756587903,0.11021722326563571,0.10094236380418256,0.11600623756712539,-0.1036050074972664,0.1546126832843417,-0.1205707614555619,-0.20770873121869624,-0.0780766860795286,-0.07874212033162194,0.13144580660400773,-0.3674309516640697
TACG/ACGA,-0.4214539575864716,-0.12159088671695392,0.2586521440312508,-0.19540548794519946,-0.1996221290176042,0.2100791227636784,-0.1654372735687055,0.090824195282288,0.06436742984675786,0.007431106119166302,-0.051778672632005474,0.05594622376764669,0.039230722949205495,0.07121048810697013,-0.23867371350504304,0.2708473562286462,0.04357881623268934,-0.10752195771055158,-0.13753836474974745,-0.23332755659328586,0.25217725235013283,-0.313377472014133,-0.19612017278184596,0.03282108326255842,0.09098603111989655,0.014899205985719265,-0.044281406032843446,0.1758861754575072,-0.07247134998678899,0.033894730625496916,-0.024066577334737504,-0.009454380378508738,-0.14701367949117197,0.13161375261585936,0.051835478174482426,-0.3728538553265288
ACGA/CGAT,-0.6357278815794264,-0.30776761099783084,0.1424399767470353,-0.4374458517789662,0.07289928866354349,0.10711729087169462,0.4985678123056944,0.34833950402089153,-0.08804089797907075,0.5023546705421377,0.05229691856164366,-0.14335065288265889,-0.2998542616738871,-0.09240871676124689,-0.25893067743478276,-0.38482362199994513,-0.1407116340062531,-0.10152006425103105,-0.36784317567195246,-0.24037722694064143,-0.16707549071845365,-0.49264073116738016,-0.14410332955149066,-0.06936079048374903,0.29051173271308217,0.249555891293288,-0.07085003864596214,0.2665913628443705,-0.14427972966038075,0.09053002646295358,-0.2471886043867477,-0.2097510775145458,-0.0894526703989364,-0.18640009786861492,0.12153614735910989,-0.40032851794562985
CGAT/GATG,-0.37276399895188095,0.24797472603534182,-0.09910779765393957,-0.04129900584334102,0.07281786824294252,-0.10383716866036212,0.08036811388001856,0.045869253625970774,0.13335767086165506,0.18023951840852057,-0.027015540471407883,0.11647078382998982,-0.1610243723954638,0.10953273854093143,-0.19095211817983218,-0.16176834667717468,0.0504177142290416,-0.087227907698827,-0.019238184195866256,0.010253548289107892,-0.20152303870019794,-0.2710052768686003,-0.09014549715940133,-0.07603214239123127,0.18635016251531475,-0.021462206650249564,0.024554938877398087,0.1395765028203521,-0.005063741470445961,-0.08874941733946592,-0.2331077716584487,0.10851503242260221,-0.009950833637681612,-0.019941989339042336,0.09664453246967546,-0.22213432364207655
GATG/ATGC,-0.25102277962053005,-0.19733008656665368,0.16456070700855474,0.06269611250892546,-0.23702811381296304,0.329494650760421,-0.1337328731626696,0.1489832079051491,-0.032530212992858465,0.04399397803658776,0.05940056973402918,-0.15447140698191147,0.12514235572693086,0.03591980370621891,-0.1551754900698229,0.2508761130780496,0.030925087612770255,0.042647632806420914,0.026590294493072764,-0.2586026394730215,0.18620957065033913,-0.24833665817400186,-0.21620448537412348,0.1785437976796634,0.0347502941252923,0.048222426872011497,-0.049876556940039334,0.16270680742141921,0.00042578767815396675,-0.0015436632973046508,0.10101788106445406,0.023933140569426716,-0.07682829125078738,0.0647401812262067,0.03729377988406519,-0.2612106290360199
ATGC/TGCA,-0.6081413210068346,-0.17054838762345992,0.022715852624298705,-0.37596871063339365,-0.013181040621253923,0.29404722574381426,0.22889294629900608,0.07029922909399637,0.00038489638303609836,0.20908734017908676,0.1078271140805738,-0.16604596876201252,-0.15416169063175195,-0.022548919131798347,-0.2972146210266338,-0.26831134154986186,0.057356222868829666,-0.1570129627520343,-0.37023911500931134,-0.14592753307361336,-0.22322997052409396,-0.4815252408854224,-0.10238772394223719,0.0737433272583422,0.0834195682496435,0.03471595260049191,0.1071409319818032,0.1690114532812934,-0.12995527354198333,0.12599981542596345,-0.10109117776580788,-0.18138764969914845,-0.17204294458274735,-0.15311565284870282,0.19211987067330888,-0.40906527929500247
TGGC/GGCA,-0.3219410108016372,0.10626983106390578,-0.03583010980973411,-0.1969918621002388,0.03203303090142072,0.22232935281943492,0.015458778239415693,0.05025085274028149,0.06262800888454727,0.09028551776968115,0.09460490719748559,0.06755191674930286,-0.0703179086541188,0.05785482075383812,-0.17066187983151354,-0.12533424224335263,-0.11781789954215073,-0.05604026002601483,-0.20364841110781387,0.08518093739124626,-0.21564441392633843,-0.35477010705462053,-0.12280792618315932,0.10743769661269781,0.12176775407057847,-0.07553394562813796,0.0260169430538129,0.09735050440060791,0.05192905170376079,-0.042458153533964295,-0.011536772818701309,-0.029698209210813783,-0.013734579964871702,0.029953018642594923,-0.09652601012633151,-0.22548644417039423
GGCA/GCAT,-0.6407496705285384,-0.48446837865166775,0.36020776419764344,-0.36205857942813996,-0.18035331281919947,0.24319905573433745,-0.041503561179012036,0.09199420300341264,0.01755219235199726,0.04590247962761641,0.01584688376080159,-0.10563166063937036,0.03296711989081412,0.06591553130242431,-0.27214342102649564,0.2705386839802254,0.07324880533957762,-0.16915100048313966,-0.40851573579141065,-0.42799664578608176,0.3884265440022784,-0.48451010219934737,-0.2177468617968096,0.21088451000205638,0.2433272306508394,0.22232642554038873,-0.19986704240835387,0.2614377288803548,0.031393346890255594,-0.046761723525542295,-0.28650807969891046,-0.21440911594619722,0.009281494822366855,-0.09239984359005446,0.021857799463357464,-0.30284684298751735
GCAT/CATG,-0.28914138382506377,0.0804347242680945,-0.09749294066724874,-0.025324636387394395,0.07427975896983552,-0.14685629020623298,0.23909169871183802,0.18974964059791855,0.05397451907031117,0.2852963521525526,-0.0636800468865164,0.1259291457149912,-0.24280361588412297,-0.07658493040364223,-0.16923575985550357,-0.25792094971797147,0.0433470884247367,-0.14878072226310823,0.02011243172689886,-0.09938083932974033,-0.2008088116018495,-0.26666068123477304,-0.1418912516105559,-0.0550690611398246,0.3147354926549569,0.08888329335564925,-0.024547567387861235,0.2610552251501949,-0.13242300535513457,0.08305306146736925,-0.40334059473528955,-0.18042542916086948,0.05937728895966548,-0.25888354083460285,0.1920411598556842,-0.3332428857964446
CATG/ATGA,-0.3727304672277241,-0.18871150373767756,0.19724420869970458,0.0901307003780357,-0.3051896777045608,0.28286245827567824,-0.12480761073276672,0.08193946186538825,-0.001212373944040123,0.10107990293423412,0.02907236987981848,-0.010535207174055235,0.060710581382125324,0.10986574987987349,-0.22638646977134683,0.20101909490272393,0.06649406540646424,-0.11303438434730503,-0.03970487631096916,-0.2112090711812701,0.18331907034071218,-0.26150974809463284,-0.22466773432791298,0.08870878053278967,0.028322395421327362,-0.019380463274698806,0.012609970086701108,0.17805353652961886,-0.10307520175767193,0.09470546789226664,0.05699686728124688,0.12117186108693376,-0.16962225584694504,0.05272883972364076,0.1528105828856989,-0.4153740706929285
ATGA/TGAA,-0.532518077835879,-0.02191244301812499,0.12988783984280325,-0.2523184013887994,-0.11489148412239716,0.35482612676924874,0.29875542010030287,0.1064863818192561,-0.04636612131809414,0.3201934405697657,0.10521101407425874,-0.29649956497689567,-0.07259742335088598,-0.005132799009850141,-0.33986300391029095,-0.25294766719904777,-0.13898522903861663,-0.11035989379587004,-0.2903154306889747,-0.07259540150351317,-0.17783586770209964,-0.41625902577753765,-0.20653021754862685,0.12396465748232281,0.04920820236742952,0.21673879145220304,-0.0009149907041074382,0.10099849490371396,-0.19060802694208276,0.15308429638744026,0.13298409331073144,-0.16504796600412328,-0.15927479877828943,0.040802476481943316,0.15105194094215837,-0.48444188715321734
TGAA/GAAG,-0.4556411695051872,0.2231187366187077,0.11507012061707149,-0.11749784537311506,-0.15255743572535232,0.38003907740828724,0.16258263964918032,0.07407033415461005,-0.04779546723296287,0.21818951234944423,0.11666659929288989,-0.2537228959902176,0.03455602112396713,-0.01168738429778131,-0.21210977319722907,-0.11135495281058809,0.006824015610190597,-0.10760855694736925,-0.0641154415306714,-0.02146198208347033,-0.11084523157861924,-0.3240653409501341,-0.15948943663296072,0.08771108640729317,-0.03206919445839558,0.16316902572750325,0.089201300616646,0.11318432491156448,-0.014313719263422444,0.0645167084114354,0.15544146405945344,-0.16293444249065622,-0.08863941876433697,0.09182288314228386,0.0666971120091148,-0.406064848402893
GAAG/AAGC,-0.408815440456949,-0.041749223415154156,0.1861121727211663,-0.08183266069318167,-0.31169411263749097,0.44112961384717114,0.10296141056413236,0.26569169432627304,-0.07434323286306783,0.1768104720903874,0.3119977138805733,-0.3199339822375178,0.07218334741544705,0.028899328001093894,-0.18418592422846125,-0.051498429088820075,-0.05715742876182529,-0.027457202914623908,-0.04800895930102706,-0.1602052042124436,-0.07822613614795526,-0.3583612512665459,-0.28586213019996193,0.22044905369077306,0.04435983938798724,0.16615258456715612,0.08015912182118025,0.2166366463512116,0.0774241934679339,-0.000533371494573571,0.21525127700170002,0.05992327199692721,-0.16085446724222566,0.1035248932587316,0.07469644675476797,-0.40238925922176816
AAGC/AGCG,-0.10749921433710466,-0.044214392165381464,0.05977988370367299,-0.0384700525579948,-0.07385377471986175,0.24885304772731073,0.06258952613388495,0.009430892682910808,0.04796299627654303,0.08493427482022795,0.11855219092439293,-0.06831806239049563,0.04610588475637955,0.03222662784254492,-0.2091377947063682,-0.07265418315932716,-0.10647895280725857,-0.057648425989331835,-0.019132403388281344,-0.013254673298727879,-0.1788733639970971,-0.2506887281509785,-0.16024607625347248,0.11472560863260062,0.014655531122427106,-0.07244848299875373,0.08127967418585451,0.10892408929181027,0.0005207912324099778,-0.04255244416494336,0.13683627869514792,-0.04716411240299465,-0.04451144911547145,0.07683234780908543,-0.08643294910052643,-0.2951559211805707
AGCG/GCGA,-0.5639052378662915,-0.40408493715684607,0.20101519497347314,-0.2244206027762844,-0.03539078654361004,0.042895326490951506,-0.27101012937172375,-0.09462410069930366,-0.015343914937820932,0.048849293896593614,0.031607993320106324,-0.14449235366666616,-0.17916446316758267,-0.1435701849324624,-0.1883099073399598,0.23154646981865074,0.05549022680207582,-0.15807542921390721,-0.23494414047954618,-0.33792426930533664,0.29955143257218275,-0.39645501460070354,-0.09765189844391661,0.06256195642277863,0.1569554535013139,0.13507742432568923,-0.12006886269210003,0.1862064945521984,-0.016506591774476054,-0.02889097052992159,-0.2980830664724889,-0.3150279620158584,-0.01677771660393977,0.01484216781379713,0.05348494083785259,-0.28142000075387286
GCGA/CGAC,-0.543336503928304,-0.11440089555411757,-0.032567882778216074,-0.3183200174729936,0.04979482534791966,-0.1291691929605718,0.33320659563265664,0.25577705513509535,0.04251527213176385,0.4059761223260248,0.037090582594121804,0.06577056911316324,-0.23596937401268891,-0.17145587816661348,-0.3879319861455534,-0.3485114102151483,-0.08852577275561016,-0.2595730834973695,-0.3546781389475864,-0.2326033031795566,-0.314961641755412,-0.4617143616635719,-0.07873580487420209,-0.22732440664601447,0.17591882851487398,0.14627411683904193,0.08086038954484369,0.17192193742122946,-0.15222725162124673,0.14640037238641662,-0.24339807295335633,-0.25295179633839004,-0.30530849777208435,-0.11756600248226635,0.1597306058888867,-0.5264179644560597
TTGT/TGTG,-0.5092792119620335,0.09995034215602723,-0.039856115889788754,-0.17344897783201776,-0.08943180405049495,0.10973246316848413,0.16180826569287127,0.1921702779573756,0.06317044408658375,0.257364918443845,0.028035991663052602,0.05044854459408296,-0.20038104165740617,-0.04642877121063039,-0.28363825160726003,-0.22681113364237754,-0.016218487595845748,-0.1471832040396485,-0.11252251729566921,-0.20964013525848177,-0.2675806628323336,-0.3017846243389854,-0.11854350657435703,-0.17523261874586996,0.08643910326700291,0.027408229735077512,0.04720507877002708,0.11780185734003483,-0.12456862209695287,0.09164892763163317,-0.08659437597183414,-0.1887215865663966,-0.16880680066630835,-0.014371392420384568,0.10944908317131867,-0.45720804802799386
TGTG/GTGA,-0.3839216232868709,0.017124669126246744,-0.07227774441773435,-0.06575066808362122,0.0547206775828806,-0.2143396258521555,-0.16313308484512226,0.05354863522398391,-0.008132351128691947,-0.008178789456500735,0.04052128686949175,-0.038440058674042606,-0.1354523367736494,0.12201427704829522,-0.235489439288748,0.11689683121309025,0.11307778514817585,-0.11562760560921971,-0.03477284574469121,-0.07736299582897349,0.044534359400935364,-0.32580406718813754,-0.07653376320293048,-0.025655430367214845,0.10992482541119636,0.03245648540897773,-0.05043923771296144,0.18828948774211932,-0.004171671470274526,-0.01670475230219516,-0.2489941646555479,0.03451381344199049,-0.12571833253264328,-0.1322089108775784,0.0623928729700517,-0.2506419960440415
GTGA/TGAC,-0.4004254939346527,-0.11060756720868657,-0.01920851916034977,-0.18698431868712476,0.055971550198798986,-0.12767234448803313,0.19893590826464252,0.21145588700043347,0.016568124077838236,0.24906156505739158,0.010046133271682281,-0.08518631578408743,-0.1805449216185083,-0.0834827424334714,-0.31702635146878805,-0.3260543627428171,-0.12575128381596254,-0.11298495307926554,-0.25760966238291233,-0.17416673539430247,-0.3015880771507406,-0.40517519666199403,-0.10071883193175327,-0.1324744043307559,0.1437243709903015,0.19788629854264408,-0.007802793600973864,0.15611783810653015,-0.16312514342699744,0.12256287528919196,-0.154872613476851,-0.1837351159304697,-0.11811446594886917,-0.16442545063663144,0.12960393053986724,-0.3860968854447524
TGAC/GACG,-0.40156386549536444,0.24404099273971905,0.038136457458815776,-0.07289688303881021,-0.08783495509505385,0.28324217048386363,-0.10669404586875013,0.12856355331864996,0.09858416185655659,0.03373119453036959,0.03839641298848204,0.13518435149193275,-0.01221431349624725,0.019270893793265402,-0.14840097165121321,-0.04013787197974555,-0.03843504879365948,-0.06875654487008173,0.055944212971621395,-0.09442616008906524,-0.16325946293684934,-0.2781981283821481,-0.1355320257310541,-0.08542695852379402,0.13964395959264936,-0.022636084984775182,0.059430202330613364,0.1669645594384248,0.0372390881349088,-0.05565176318599186,0.03632738502325114,-0.08724099750218453,-0.013062118478790647,0.0780791645608054,-0.037547899032694225,-0.2205661217052729
GACG/ACGG,-0.5351971521684786,-0.3107136350200844,0.3199238382724449,-0.1412578451267044,-0.18678478075209004,0.32403348638725976,-0.2557137992627512,0.07640901389777972,0.016779441706000802,0.10508533542406095,0.03202954914155338,-0.039355976110481826,-0.012688222024146645,0.07080805803452428,-0.26202403426741633,0.29484724444476795,0.056175169649598955,-0.1600310843815467,-0.2835514666965369,-0.3936101819278648,0.3726198065566514,-0.324868969377514,-0.18281374573961098,0.2698375349726991,0.09982850395739146,0.06485148855584777,-0.07179778498803728,0.18874427587627635,-0.06173306057593925,0.0017464241521745925,-0.11647328308705311,-0.0007493168379916582,-0.15061464360891663,0.16953542323299756,0.12102097949019705,-0.3885657687755394
ACGG/CGGC,-0.5820282918601538,-0.1216011184610305,0.12804060351558802,-0.42196229659359735,-0.05333951389790918,0.19792085827899628,0.5349775719242866,0.2660853838847725,-0.07562284802388382,0.5270822232131064,0.05059358334039559,-0.19762170854832947,-0.37219905258441005,-0.15511181763060555,-0.21092591254367066,-0.43458659964132584,-0.09036292040908224,-0.07946260357995255,-0.43545045184113207,-0.18500144633651444,-0.08612453972953804,-0.5428421837166504,-0.14118960211442613,0.07749395712797663,0.03556053643623161,0.09912077479246302,0.049720267201554084,0.0851928429047785,-0.10309648229821428,0.09828582063525189,-0.01025009375652664,-0.10637705265641044,-0.20745164694105647,-0.051502498143104446,0.017591571689382652,-0.39892245207923727
CGGC/GGCT,-0.3298544695861447,0.12794213921124326,-0.028358441800408515,-0.13662187211918056,-0.05731970745987995,0.1919918306567114,0.06858986625530795,0.05829514777626949,0.08151551159578789,0.15988024973185738,0.0841070114415365,-0.06992528913764517,-0.11829822788683653,0.10295023919569306,-0.22740938401160893,-0.20507230289937917,-0.10597863668390937,-0.047214962406712774,-0.1240876566024502,0.08589570455240277,-0.25260477807203663,-0.32544181064424904,-0.1707547821305544,0.0183442528607553,0.10939414637044495,-0.08612935615993308,0.0788097190646394,0.16075931883029287,0.048705432508534964,-0.015847741434942376,-0.02810600338007333,0.035524355900391935,-0.09490685626388297,-0.07001735219377844,-0.10975123234430542,-0.26321801960622826
GGCT/GCTA,-0.25721492089198655,-0.20026680809833083,0.03725786264304257,-0.019163977335370987,-0.04299111880811462,-0.10970696958113947,-0.09057886186174197,0.029151223247827585,0.017705299089287554,0.036142504648443485,-0.045637578559711164,-0.04580203605988469,-0.053167688604479964,-0.0006857941632694203,-0.15665855175623722,0.20567766769699838,0.052990490042079695,-0.020198377275660213,-0.040844330151727636,-0.16297460082001897,0.12410822597256685,-0.23847693539434148,-0.08099612382797189,-0.06761756676822926,0.13617071317962595,0.19753589632358406,-0.16888616361723433,0.19511946820320408,0.048140495326263674,-0.16081057095242868,-0.25175684794437503,-0.264593374445371,0.038497555950750446,-0.045891614968048736,0.009672655254517104,-0.2264413279006426
GCTA/CTAG,-0.6522395195911023,-0.37407284659278456,0.03344402315536835,-0.12370407224063407,0.05672965883170233,-0.2856712614587809,-0.21810748421147372,0.024125513668551517,-0.091803918974482,0.04054517655356109,0.2082127240222811,-0.3320354895956702,-0.16594042089324665,-0.026344870200048793,-0.24813986794890147,0.11883364537613621,0.13425334326047902,-0.249786865764025,-0.2389450426284506,-0.345529236564981,0.16692843783621883,-0.395846750796741,-0.15191194342161204,-0.10499456733174088,0.2771772719864489,0.11695355698441452,-0.025293681799930818,0.1764277418339422,-0.1487321380915212,0.2738182692725096,-0.32076337471877947,-0.14998318417000805,-0.1012889113948903,-0.10483425655806472,0.1933776691776342,-0.5069179018071482
CTAG/TAGG,-0.6377783029597278,0.16457619843817897,0.15447451207573334,-0.21299439568851397,-0.1670584620012154,0.2785172902772285,0.26922727025058796,0.09240101811903464,0.014020504380685642,0.2604993168490142,0.014085764534171784,-0.09658489492024558,-0.013039196688403525,-0.09629353409503495,-0.30144276883965154,-0.15192492462383672,0.025860722780835465,-0.15204188893173617,-0.11278436906541503,-0.0706179402118616,-0.07419390777143875,-0.373791508954347,-0.1569783366459908,0.10677324571075256,0.004295441447192352,0.16945042702773153,0.12318551355913195,0.16265154605006082,-0.132792526496699,0.1634543039653927,0.24469048685402095,-0.23653765823286826,-0.24382239780984333,0.08082238975800056,0.1913352897975172,-0.4489529237533526
