tetramer, SLIDE mean1,SLIDE mean2, SHIFT mean1,SHIFT mean2, RISE mean1, TILT mean1, ROLL mean1, TWIST mean1,TWIST mean2
AACG,-0.828672934,,0.230759152,,3.352555986,-0.25140064,-1.333475829,30.45526752,
CGTT,-0.828672934,,0.230759152,,3.352555986,-0.25140064,-1.333475829,30.45526752,
ACGT,-0.237047422,,-0.262516046,,3.377030979,-2.645502653,5.81873824,39.05796352,
CGTG,-0.612866866,,-0.776653831,,3.103227911,-0.21796342,-1.605112449,27.33457535,
CACG,-0.612866866,,-0.776653831,,3.103227911,-0.21796342,-1.605112449,27.33457535,
GTGC,-0.0324548,,-0.355379534,1.325899119,3.182363831,-1.043902791,6.18619916,22.85714911,
GCAC,-0.0324548,,-0.355379534,1.325899119,3.182363831,-1.043902791,6.18619916,22.85714911,
TGCT,-0.901793773,,-0.970602655,-0.030568534,3.310985321,-2.67000364,-0.13689716,32.89957742,
AGCA,-0.901793773,,-0.970602655,-0.030568534,3.310985321,-2.67000364,-0.13689716,32.89957742,
GCTA,-0.913453088,-0.066719623,0.132202721,1.227483988,3.25063751,4.31358528,1.919782956,31.9961584,
TAGC,-0.913453088,-0.066719623,0.132202721,1.227483988,3.25063751,4.31358528,1.919782956,31.9961584,
CTAT,-0.653610577,0.340744416,-1.389674981,0.714958597,3.150156411,-4.051589558,1.759507438,30.13662772,
ATAG,-0.653610577,0.340744416,-1.389674981,0.714958597,3.150156411,-4.051589558,1.759507438,30.13662772,
TATG,-0.753840585,,-0.504744586,,3.072271948,-0.02993026,0.23320298,25.14474934,
CATA,-0.753840585,,-0.504744586,,3.072271948,-0.02993026,0.23320298,25.14474934,
ATGG,0.07524354,,-0.648640223,1.220181371,3.156865825,-1.79824164,5.27156272,33.41906465,
CCAT,0.07524354,,-0.648640223,1.220181371,3.156865825,-1.79824164,5.27156272,33.41906465,
TGGA,-0.932419511,0.100447801,-1.216263702,0.256517468,3.244881907,-2.75696798,3.226154588,24.15715905,34.93301402
TCCA,-0.932419511,0.100447801,-1.216263702,0.256517468,3.244881907,-2.75696798,3.226154588,24.15715905,34.93301402
GGAA,-0.577321532,,-0.74540103,,3.265328162,0.00049614,2.28807796,31.7577739,
TTCC,-0.577321532,,-0.74540103,,3.265328162,0.00049614,2.28807796,31.7577739,
AATA,-0.913322028,,-0.026780439,,3.234268926,0.51063714,-2.626161993,30.60206515,
TATT,-0.913322028,,-0.026780439,,3.234268926,0.51063714,-2.626161993,30.60206515,
ATAA,-0.774811207,0.38812797,0.021621433,1.590829219,3.170651947,0.272302898,2.811927696,26.54699278,37.81008512
TTAT,-0.774811207,0.38812797,0.021621433,1.590829219,3.170651947,0.272302898,2.811927696,26.54699278,37.81008512
TAAG,-0.837633784,0.141945326,-0.911531643,0.164999296,3.146629157,-4.579244787,-1.231390211,27.28499963,36.80649446
CTTA,-0.837633784,0.141945326,-0.911531643,0.164999296,3.146629157,-4.579244787,-1.231390211,27.28499963,36.80649446
AAGT,-1.214047696,,-0.413563265,,3.43224327,-3.125901227,1.93602172,34.5902435,
ACTT,-1.214047696,,-0.413563265,,3.43224327,-3.125901227,1.93602172,34.5902435,
AGTA,-0.799758784,,-0.245314562,0.852474703,3.299876699,2.21487136,-1.9685076,31.76881652,
TACT,-0.799758784,,-0.245314562,0.852474703,3.299876699,2.21487136,-1.9685076,31.76881652,
GTAC,-0.63734384,0.33036412,-1.718824705,0.238914733,3.048146533,-2.844123339,2.035431276,24.20879876,35.78570263
TACC,-0.677187534,,-0.895467249,0.265538583,3.268565255,-1.50547964,-0.76795466,31.86770004,
GGTA,-0.677187534,,-0.895467249,0.265538583,3.268565255,-1.50547964,-0.76795466,31.86770004,
ACCA,-1.188281068,0.144198024,0.018755843,,3.4471515,1.24354404,3.56332146,28.21441465,
TGGT,-1.188281068,0.144198024,0.018755843,,3.4471515,1.24354404,3.56332146,28.21441465,
CCAG,-0.27978917,,-0.78216625,0.71874864,2.981820815,-3.239745514,2.272157937,24.54374113,36.36430228
CTGG,-0.27978917,,-0.78216625,0.71874864,2.981820815,-3.239745514,2.272157937,24.54374113,36.36430228
CAGG,-1.072331968,0.013013508,-0.980060777,0.357765538,3.111911414,-2.87596774,-1.475198448,26.09568068,37.00673876
CCTG,-1.072331968,0.013013508,-0.980060777,0.357765538,3.111911414,-2.87596774,-1.475198448,26.09568068,37.00673876
AGGA,-1.259089007,-0.027944662,-0.365600215,,3.388300662,-0.154382871,2.878143928,32.980591,
TCCT,-1.259089007,-0.027944662,-0.365600215,,3.388300662,-0.154382871,2.878143928,32.980591,
AGAA,-0.749727585,,-0.590370156,,3.352523584,0.79434328,1.26116024,32.85296311,
TTCT,-0.749727585,,-0.590370156,,3.352523584,0.79434328,1.26116024,32.85296311,
GAAA,-0.758139494,,-0.304581914,,3.215900718,-1.32007546,1.008058325,29.98902598,
TTTC,-0.758139494,,-0.304581914,,3.215900718,-1.32007546,1.008058325,29.98902598,
AAAC,-0.800341067,,-0.65514963,,3.248586564,-4.477509651,-0.153242471,33.88534976,
GTTT,-0.800341067,,-0.65514963,,3.248586564,-4.477509651,-0.153242471,33.88534976,
AACA,-0.794706262,,0.041321508,,3.273030127,-0.11086742,-1.920423929,30.92296969,
TGTT,-0.794706262,,0.041321508,,3.273030127,-0.11086742,-1.920423929,30.92296969,
ACAG,-0.38868021,,-0.927002364,0.583360328,3.072096174,-3.347056674,2.920264473,23.19661172,36.67142735
CTGT,-0.38868021,,-0.927002364,0.583360328,3.072096174,-3.347056674,2.920264473,23.19661172,36.67142735
CAGC,-0.925967395,-0.032081202,-0.939485898,0.119750289,3.129246678,-2.93843348,2.02443422,27.89514811,37.26849268
GCTG,-0.925967395,-0.032081202,-0.939485898,0.119750289,3.129246678,-2.93843348,2.02443422,27.89514811,37.26849268
AGCT,-0.973885813,,-0.13704918,,3.491180154,-0.0721043,-0.781146887,34.99529254,
GCTC,-1.047463101,,-0.085090917,,3.319087426,0.841353015,2.148923355,31.39921129,
GAGC,-1.047463101,,-0.085090917,,3.319087426,0.841353015,2.148923355,31.39921129,
CTCT,-0.509504849,,-0.333260059,,3.30323778,-0.964980559,1.1110125,33.95827707,
AGAG,-0.509504849,,-0.333260059,,3.30323778,-0.964980559,1.1110125,33.95827707,
TCTG,-0.775647286,,-0.304453203,,3.100455247,1.73810632,3.17448256,28.14433442,38.03508966
CAGA,-0.775647286,,-0.304453203,,3.100455247,1.73810632,3.17448256,28.14433442,38.03508966
CTGC,-0.373578627,,-0.5192782,1.115151934,3.053337429,-2.511122584,5.70163584,24.54974254,36.89711616
GCAG,-0.373578627,,-0.5192782,1.115151934,3.053337429,-2.511122584,5.70163584,24.54974254,36.89711616
AGGC,-1.290804833,-0.241470547,-0.199197835,,3.51248931,0.8625901,3.73943272,34.67035279,
GCCT,-1.290804833,-0.241470547,-0.199197835,,3.51248931,0.8625901,3.73943272,34.67035279,
GGCG,-0.708632365,,0.056342814,,3.305790181,0.09724502,-0.38819976,34.10640145,
CGCC,-0.708632365,,0.056342814,,3.305790181,0.09724502,-0.38819976,34.10640145,
GCGC,-0.33762679,,-1.365888318,-0.027987065,2.895864794,-3.892058509,3.296377992,22.84413269,35.93049827
CGCA,-0.312989558,,-0.409415142,,3.41104944,0.4245814,-2.11291016,32.47912588,
TGCG,-0.312989558,,-0.409415142,,3.41104944,0.4245814,-2.11291016,32.47912588,
GCAA,-0.437069731,,-0.144053509,1.431178381,3.012435202,-0.069808004,3.788305372,23.66851447,36.12110183
TTGC,-0.437069731,,-0.144053509,1.431178381,3.012435202,-0.069808004,3.788305372,23.66851447,36.12110183
CAAG,-0.420230697,,-1.041896745,0.02706968,3.176305604,-5.184622535,1.03177344,31.04018227,38.74642565
CTTG,-0.420230697,,-1.041896745,0.02706968,3.176305604,-5.184622535,1.03177344,31.04018227,38.74642565
AAGA,-0.960811133,,-0.17752195,,3.273637806,-2.459833842,4.04845604,30.34085523,
TCTT,-0.960811133,,-0.17752195,,3.273637806,-2.459833842,4.04845604,30.34085523,
AGAC,-0.686490288,,-0.612880592,,3.328570002,-0.71784764,0.50012298,35.67724337,
GTCT,-0.686490288,,-0.612880592,,3.328570002,-0.71784764,0.50012298,35.67724337,
GACT,-0.9197642,,-0.028836405,,3.354972837,-2.01799976,-1.800569796,31.30327297,
AGTC,-0.9197642,,-0.028836405,,3.354972837,-2.01799976,-1.800569796,31.30327297,
ACTG,-0.977577328,-0.056126283,0.004934868,1.116798286,3.270407153,1.822587294,0.159785054,32.73599563,
CAGT,-0.977577328,-0.056126283,0.004934868,1.116798286,3.270407153,1.822587294,0.159785054,32.73599563,
CTGA,-0.26058694,,-0.423129059,,2.905182941,1.3566636,4.045319047,22.76478316,34.76357382
TCAG,-0.26058694,,-0.423129059,,2.905182941,1.3566636,4.045319047,22.76478316,34.76357382
ATTG,-0.53395255,,0.307712755,,3.250346251,3.9190695,-0.6033616,35.15361823,
CAAT,-0.53395255,,0.307712755,,3.250346251,3.9190695,-0.6033616,35.15361823,
TTGG,-0.322758902,,-0.431220124,,2.947832413,-3.351917754,4.314306418,23.63665063,35.24173929
CCAA,-0.322758902,,-0.431220124,,2.947832413,-3.351917754,4.314306418,23.63665063,35.24173929
TGGG,-0.711802507,,-0.852311128,0.755394961,3.228490345,-2.990022481,2.3039866,29.49012766,
CCCA,-0.711802507,,-0.852311128,0.755394961,3.228490345,-2.990022481,2.3039866,29.49012766,
GGGG,-1.180619145,-0.045000051,-0.652476871,,3.31251594,-2.46105602,4.01805468,31.90553962,
CCCC,-1.180619145,-0.045000051,-0.652476871,,3.31251594,-2.46105602,4.01805468,31.90553962,
GGGA,-1.174545288,0.047883703,-0.395622489,0.854696423,3.290867599,-0.914325284,4.84942762,30.12009799,
TCCC,-1.174545288,0.047883703,-0.395622489,0.854696423,3.290867599,-0.914325284,4.84942762,30.12009799,
GGAC,-0.665755388,0.294499474,-1.098238668,,3.190300744,-5.598305568,1.2756915,33.56758321,
GTCC,-0.665755388,0.294499474,-1.098238668,,3.190300744,-5.598305568,1.2756915,33.56758321,
GACA,-0.686563491,,0.01378043,,3.154065684,0.30273502,-0.770224316,27.59945016,
TGTC,-0.686563491,,0.01378043,,3.154065684,0.30273502,-0.770224316,27.59945016,
ACAC,-0.39627185,,-1.133844433,0.300936342,3.231353804,-3.713595181,6.46996528,32.31904182,
GTGT,-0.39627185,,-1.133844433,0.300936342,3.231353804,-3.713595181,6.46996528,32.31904182,
CACT,-1.011535582,,-0.471815289,,3.365131171,-2.29301804,-1.3778494,31.34311113,
AGTG,-1.011535582,,-0.471815289,,3.365131171,-2.29301804,-1.3778494,31.34311113,
ACTA,-1.072201471,-0.072798973,-0.132720319,1.186846144,3.279206211,2.665247691,2.427879895,30.21250472,
TAGT,-1.072201471,-0.072798973,-0.132720319,1.186846144,3.279206211,2.665247691,2.427879895,30.21250472,
CTAC,-0.661788205,0.368643546,-1.6621527,-0.019935318,3.073469117,-5.024435984,2.361799586,26.03305752,37.54201094
GTAG,-0.661788205,0.368643546,-1.6621527,-0.019935318,3.073469117,-5.024435984,2.361799586,26.03305752,37.54201094
GAAC,-0.732173933,,-0.611709578,,3.198847063,-2.4110584,0.42829812,31.09224225,
GTTC,-0.732173933,,-0.611709578,,3.198847063,-2.4110584,0.42829812,31.09224225,
AACT,-0.960613368,,-0.367129281,,3.411811612,-1.89057834,-1.900572858,32.66466161,
AGTT,-0.960613368,,-0.367129281,,3.411811612,-1.89057834,-1.900572858,32.66466161,
ACTC,-1.149041778,,-0.132840476,,3.353956967,2.49751974,1.734068147,32.41122012,
GAGT,-1.149041778,,-0.132840476,,3.353956967,2.49751974,1.734068147,32.41122012,
CTCA,-0.365293379,,-0.224793614,0.972650418,3.209756171,1.05309346,0.87234438,30.91369924,
TGAG,-0.365293379,,-0.224793614,0.972650418,3.209756171,1.05309346,0.87234438,30.91369924,
TCAA,-0.228369999,,-0.944173934,,2.958356337,-2.909235636,4.97033967,22.0660569,34.19543981
TTGA,-0.228369999,,-0.944173934,,2.958356337,-2.909235636,4.97033967,22.0660569,34.19543981
CAAA,-0.711472788,0.185458789,-0.966264314,0.164535779,3.171030884,-3.71219131,-0.428433336,29.87722471,38.37119297
TTTG,-0.711472788,0.185458789,-0.966264314,0.164535779,3.171030884,-3.71219131,-0.428433336,29.87722471,38.37119297
AAAG,-0.641991937,,-0.414961893,,3.176416031,-2.83204826,-0.12617996,31.59654476,
CTTT,-0.641991937,,-0.414961893,,3.176416031,-2.83204826,-0.12617996,31.59654476,
AAGG,-1.199734547,-0.383295065,-0.198931064,,3.312681873,-1.92781522,1.807385537,31.82110356,
CCTT,-1.199734547,-0.383295065,-0.198931064,,3.312681873,-1.92781522,1.807385537,31.82110356,
AGGT,-1.419876627,-0.424651338,-0.131186501,,3.568279587,-0.573666558,4.039634618,33.73179393,
ACCT,-1.419876627,-0.424651338,-0.131186501,,3.568279587,-0.573666558,4.039634618,33.73179393,
GGTT,-0.871578646,,-0.471705167,,3.298852455,-0.68003368,-1.19657996,30.53769779,
AACC,-0.871578646,,-0.471705167,,3.298852455,-0.68003368,-1.19657996,30.53769779,
GTTG,-0.680132423,0.211683336,-0.082840779,1.003165146,3.109409949,1.980519507,0.13093458,29.35956898,38.02083548
CAAC,-0.680132423,0.211683336,-0.082840779,1.003165146,3.109409949,1.980519507,0.13093458,29.35956898,38.02083548
GACC,-0.856210513,,0.054979977,,3.34028724,-0.87290846,-1.130274249,31.39430962,
GGTC,-0.856210513,,0.054979977,,3.34028724,-0.87290846,-1.130274249,31.39430962,
ACCG,-1.24091536,0.086946772,0.001847389,,3.36282584,-1.117688497,3.33254168,33.44114256,
CGGT,-1.24091536,0.086946772,0.001847389,,3.36282584,-1.117688497,3.33254168,33.44114256,
CCGA,-0.254569319,,-0.617614878,,2.890472701,-2.20577885,3.897628189,22.93959595,35.5945714
TCGG,-0.254569319,,-0.617614878,,2.890472701,-2.20577885,3.897628189,22.93959595,35.5945714
CGAA,-0.63809508,,-0.788512456,,3.289071164,-2.38514202,2.23034678,29.92874705,
TTCG,-0.63809508,,-0.788512456,,3.289071164,-2.38514202,2.23034678,29.92874705,
GAAT,-0.771030293,,-0.751790028,,3.281241633,-2.7033877,-0.274392634,34.22856447,
ATTC,-0.771030293,,-0.751790028,,3.281241633,-2.7033877,-0.274392634,34.22856447,
AATG,-1.017450772,,0.12306408,,3.270014173,0.6137812,-2.99975306,30.95407825,
CATT,-1.017450772,,0.12306408,,3.270014173,0.6137812,-2.99975306,30.95407825,
ATGT,-0.498811152,,0.321699588,,3.323480671,-1.016044547,5.4345064,37.25360605,45.97630107
ACAT,-0.498811152,,0.321699588,,3.323480671,-1.016044547,5.4345064,37.25360605,45.97630107
TGTA,-0.528487245,,-0.999627308,0.242467781,3.088230619,-0.10076744,-1.537223917,29.21955223,
TACA,-0.528487245,,-0.999627308,0.242467781,3.088230619,-0.10076744,-1.537223917,29.21955223,
GTAA,-0.633601,0.388398001,0.063448448,1.542845628,3.101926685,0.689460345,6.55149424,26.23332647,36.68607664
TTAC,-0.633601,0.388398001,0.063448448,1.542845628,3.101926685,0.689460345,6.55149424,26.23332647,36.68607664
TAAT,-0.300660079,,-1.20469281,,3.24172587,-5.36106357,1.20680504,35.71995826,
ATTA,-0.300660079,,-1.20469281,,3.24172587,-5.36106357,1.20680504,35.71995826,
AATT,-1.015719692,,-0.01982596,,3.312136821,0.10785642,-2.45223878,31.16625521,
GGAG,-0.403418327,,-0.938130776,0.579462831,3.206590474,-3.85722947,1.28922516,32.88243391,
CTCC,-0.403418327,,-0.938130776,0.579462831,3.206590474,-3.85722947,1.28922516,32.88243391,
GAGG,-0.988222926,,-0.621659072,,3.126992983,-2.36597184,3.41906726,27.80807565,
CCTC,-0.988222926,,-0.621659072,,3.126992983,-2.36597184,3.41906726,27.80807565,
AGGG,-1.175390695,-0.059292207,-0.407184685,1.075510808,3.278756575,-1.554415494,3.23553022,30.46421492,
CCCT,-1.175390695,-0.059292207,-0.407184685,1.075510808,3.278756575,-1.554415494,3.23553022,30.46421492,
GGGC,-1.201526868,0.029471583,-1.069890086,-0.050389485,3.322044824,-3.061907798,2.351466702,32.89253165,
GCCC,-1.201526868,0.029471583,-1.069890086,-0.050389485,3.322044824,-3.061907798,2.351466702,32.89253165,
GGCC,-0.93403066,,-0.08497089,,3.48108214,-0.98475466,-1.172125928,33.74251837,
GCCG,-0.741549145,,-0.55130752,0.83991672,3.285197636,-0.776954072,0.870882519,31.94689938,
CGGC,-0.741549145,,-0.55130752,0.83991672,3.285197636,-0.776954072,0.870882519,31.94689938,
CCGG,-0.219546365,0.529316598,-0.67648662,,2.718255148,-3.251820957,2.506991029,21.86862238,35.28397113
CGGG,-1.175012049,0.020124352,-0.725823883,0.540460527,3.323339066,-2.140319514,2.85210002,32.03437279,
CCCG,-1.175012049,0.020124352,-0.725823883,0.540460527,3.323339066,-2.140319514,2.85210002,32.03437279,
GGGT,-1.277100369,-0.221148854,-0.056391244,,3.511717927,-2.048191102,2.866234823,34.48598094,
ACCC,-1.277100369,-0.221148854,-0.056391244,,3.511717927,-2.048191102,2.866234823,34.48598094,
GGTG,-0.711373367,,-0.479681183,0.579510409,3.222433345,0.4773516,-2.12170034,29.33078942,
CACC,-0.711373367,,-0.479681183,0.579510409,3.222433345,0.4773516,-2.12170034,29.33078942,
GTGG,-0.262236109,,0.212770991,1.475382924,2.878154215,1.0825934,3.986783439,22.80595735,34.58497057
CCAC,-0.262236109,,0.212770991,1.475382924,2.878154215,1.0825934,3.986783439,22.80595735,34.58497057
GTTA,-0.175785921,,0.472915147,,3.162749508,4.13796636,0.37394224,32.8314427,
TAAC,-0.175785921,,0.472915147,,3.162749508,4.13796636,0.37394224,32.8314427,
TTAG,-0.577985514,0.506707289,-1.562516301,0.198775445,3.01108818,-4.824616929,1.750492339,23.21185952,37.15992576
CTAA,-0.577985514,0.506707289,-1.562516301,0.198775445,3.01108818,-4.824616929,1.750492339,23.21185952,37.15992576
TAGA,-0.863438189,,-1.085723869,0.360173725,3.185837951,-1.6805098,2.72431078,29.5109868,37.34484823
TCTA,-0.863438189,,-1.085723869,0.360173725,3.185837951,-1.6805098,2.72431078,29.5109868,37.34484823
AGAT,-0.866432136,0.0367495,-0.48486582,,3.415169792,-0.49912524,-0.202857355,36.43585079,
ATCT,-0.866432136,0.0367495,-0.48486582,,3.415169792,-0.49912524,-0.202857355,36.43585079,
GATT,-0.961811934,,-0.04519274,,3.268248566,-1.591276031,-2.913274738,29.28348663,
AATC,-0.961811934,,-0.04519274,,3.268248566,-1.591276031,-2.913274738,29.28348663,
TTAA,-0.652466641,0.415210003,-1.233846335,,3.028899906,-0.675829912,3.690953433,22.10646833,35.91501361
TAAA,-0.612362429,,-0.969774884,0.122059905,3.234932343,-9.467211345,1.360895553,29.75091342,
TTTA,-0.612362429,,-0.969774884,0.122059905,3.234932343,-9.467211345,1.360895553,29.75091342,
AAAA,-0.791670232,,-0.556410691,,3.275171661,-3.230488597,0.94952522,32.32838003,
TTTT,-0.791670232,,-0.556410691,,3.275171661,-3.230488597,0.94952522,32.32838003,
AAAT,-0.772216987,,-0.642356357,,3.284750679,-2.34994262,-0.350281662,34.99944395,
ATTT,-0.772216987,,-0.642356357,,3.284750679,-2.34994262,-0.350281662,34.99944395,
TACG,-0.427457653,,-0.733390932,0.827609827,3.148487351,-0.48388456,-1.841421678,27.90565528,
CGTA,-0.427457653,,-0.733390932,0.827609827,3.148487351,-0.48388456,-1.841421678,27.90565528,
ACGC,-0.272493812,,-0.930957231,0.57225215,3.274775509,-5.437573051,5.5942314,33.25414981,
GCGT,-0.272493812,,-0.930957231,0.57225215,3.274775509,-5.437573051,5.5942314,33.25414981,
CGCG,-0.584128954,,-0.658322283,0.603574208,3.251793249,0.35569562,-1.20958156,23.38619777,34.3400107
GCGG,-0.114488149,,-0.760574763,0.758329161,3.11775104,-4.016170643,2.884618748,24.14877778,37.33219773
CCGC,-0.114488149,,-0.760574763,0.758329161,3.11775104,-4.016170643,2.884618748,24.14877778,37.33219773
CGGA,-1.03043209,0.044576201,-0.980400716,0.430154567,3.321262992,-1.779324421,2.242770825,28.20475138,
TCCG,-1.03043209,0.044576201,-0.980400716,0.430154567,3.321262992,-1.779324421,2.242770825,28.20475138,
GGAT,-0.646084374,,-0.921717632,,3.340766071,-1.55817432,0.83691854,36.51046986,
ATCC,-0.646084374,,-0.921717632,,3.340766071,-1.55817432,0.83691854,36.51046986,
GATC,-0.861713637,,-0.04271494,,3.216236448,-0.24345922,-3.002459331,29.4848645,
ATCG,-0.510078246,,0.001535065,,3.317682213,1.76498642,0.43860262,36.36542501,
CGAT,-0.510078246,,0.001535065,,3.317682213,1.76498642,0.43860262,36.36542501,
TCGA,-0.22915046,,-0.243763038,1.244087958,2.960082451,-3.106157731,4.098042678,22.83194317,35.24610007
CGAG,-0.098456869,,-1.028934726,0.215548812,3.207662555,-4.334664356,0.799576798,32.58818986,
CTCG,-0.098456869,,-1.028934726,0.215548812,3.207662555,-4.334664356,0.799576798,32.58818986,
GAGA,-0.908431909,,-0.358444883,,3.163277874,-1.18330906,2.730063807,28.53451044,
TCTC,-0.908431909,,-0.358444883,,3.163277874,-1.18330906,2.730063807,28.53451044,
TGAT,-0.414170079,,-1.03898055,,3.266876476,-2.67767472,0.058667182,35.98143914,
ATCA,-0.414170079,,-1.03898055,,3.266876476,-2.67767472,0.058667182,35.98143914,
GATA,-0.946652568,,0.143662261,,3.190812462,0.46920354,-2.887920504,28.02658272,
TATC,-0.946652568,,0.143662261,,3.190812462,0.46920354,-2.887920504,28.02658272,
ATAT,-0.906050543,0.123059552,0.0617448,,3.40692676,-0.38449298,4.65473144,37.93299834,
TATA,-0.848580715,,-0.406618456,,3.151112823,-0.19909022,-1.524743934,26.51144357,
ATAC,-0.570943091,0.34970309,-0.897947389,1.034888552,3.165178547,-2.563772825,1.399410992,33.51852748,
GTAT,-0.570943091,0.34970309,-0.897947389,1.034888552,3.165178547,-2.563772825,1.399410992,33.51852748,
ACGA,-0.212172845,,-0.510020019,1.096669723,3.254169327,-0.947708169,6.70610374,29.07747456,
TCGT,-0.212172845,,-0.510020019,1.096669723,3.254169327,-0.947708169,6.70610374,29.07747456,
GATG,-0.865881124,,0.15567958,,3.214874814,0.25708272,-2.456914695,28.18121081,
CATC,-0.865881124,,0.15567958,,3.214874814,0.25708272,-2.456914695,28.18121081,
ATGC,-0.501712758,,-0.15576089,1.37045842,3.232066174,-2.466890827,3.980979748,32.72471453,
GCAT,-0.501712758,,-0.15576089,1.37045842,3.232066174,-2.466890827,3.980979748,32.72471453,
TGCA,-0.46851791,,-0.86604789,0.35709754,3.278970738,-1.10033668,-2.950511553,32.91247985,
TGGC,-1.117855526,0.103417604,-1.022905439,,3.283371127,-3.622213236,2.086196279,32.02149191,
GCCA,-1.117855526,0.103417604,-1.022905439,,3.283371127,-3.622213236,2.086196279,32.02149191,
GGCA,-0.965824406,,0.181018609,1.147661663,3.3127242,1.5025179,-1.737777716,33.60165755,
TGCC,-0.965824406,,0.181018609,1.147661663,3.3127242,1.5025179,-1.737777716,33.60165755,
CATG,-0.824161548,,-0.376287479,,3.08541229,-0.18422494,-0.17433806,24.86277127,
ATGA,-0.0149187,,-0.401433227,1.257051199,3.176233593,-0.605224218,6.73859766,32.72161233,
TCAT,-0.0149187,,-0.401433227,1.257051199,3.176233593,-0.605224218,6.73859766,32.72161233,
TGAA,-0.502904296,,-1.158602363,,3.230874612,-3.399328021,2.59369058,25.31913043,36.22553094
TTCA,-0.502904296,,-1.158602363,,3.230874612,-3.399328021,2.59369058,25.31913043,36.22553094
GAAG,-0.660883504,,-0.571673451,,3.182879606,-2.19297204,0.505303026,30.47842762,
CTTC,-0.660883504,,-0.571673451,,3.182879606,-2.19297204,0.505303026,30.47842762,
AAGC,-1.052178863,,-0.839316045,,3.37671258,-3.28807776,2.323587245,33.15666074,
GCTT,-1.052178863,,-0.839316045,,3.37671258,-3.28807776,2.323587245,33.15666074,
AGCG,-0.928874011,,0.20168742,,3.454305535,0.45921454,-1.08656854,34.35521324,
CGCT,-0.928874011,,0.20168742,,3.454305535,0.45921454,-1.08656854,34.35521324,
GCGA,-0.223056533,,0.064157927,1.250528537,2.847755081,0.109452585,4.07406658,22.30288916,35.4628976
TCGC,-0.223056533,,0.064157927,1.250528537,2.847755081,0.109452585,4.07406658,22.30288916,35.4628976
CGAC,0.127500825,,-1.058914872,,3.238031784,-3.1648194,-0.364156633,33.866873,
GTCG,0.127500825,,-1.058914872,,3.238031784,-3.1648194,-0.364156633,33.866873,
TTGT,-0.450536511,,-0.575208117,,3.202000157,-4.329913368,3.656305998,24.63264723,37.30388494
ACAA,-0.450536511,,-0.575208117,,3.202000157,-4.329913368,3.656305998,24.63264723,37.30388494
TGTG,-0.715997647,,-0.879816113,,3.153130864,0.1826946,-2.888142286,28.74823032,
CACA,-0.715997647,,-0.879816113,,3.153130864,0.1826946,-2.888142286,28.74823032,
GTGA,-0.119515398,,0.181486312,,3.116663905,0.76982864,7.69326824,25.48809356,35.628913
TCAC,-0.119515398,,0.181486312,,3.116663905,0.76982864,7.69326824,25.48809356,35.628913
TGAC,-0.36457662,,-1.206536729,-0.075409682,3.232825494,-5.33328264,0.623297142,24.30128438,
GTCA,-0.36457662,,-1.206536729,-0.075409682,3.232825494,-5.33328264,0.623297142,24.30128438,
GACG,-0.762357772,,-0.014616097,,3.257213474,-0.21885454,-0.5492933,30.25189184,
CGTC,-0.762357772,,-0.014616097,,3.257213474,-0.21885454,-0.5492933,30.25189184,
ACGG,-0.1261513,,-0.586804867,1.18998188,3.177370323,-3.380816101,5.64799744,22.85950271,37.05249442
CCGT,-0.1261513,,-0.586804867,1.18998188,3.177370323,-3.380816101,5.64799744,22.85950271,37.05249442
GGCT,-0.994952854,,0.073863943,,3.501783305,-0.78688872,-1.180270108,34.95722059,
AGCC,-0.994952854,,0.073863943,,3.501783305,-0.78688872,-1.180270108,34.95722059,
CTAG,-0.569279199,0.441351771,-1.176417487,1.07384013,2.90653912,-3.038363793,1.951781769,22.22056839,36.11172186
TAGG,-0.896775077,0.010889066,-1.01927533,0.452388998,3.088884243,-4.048789079,1.49092662,28.70994407,
CCTA,-0.896775077,0.010889066,-1.01927533,0.452388998,3.088884243,-4.048789079,1.49092662,28.70994407,