,SLIDE,SHIFT,RISE,TILT,ROLL,TWIST
GCAA,-1.326302474,0.045364093,3.40848343,1.602151357,12.44315734,31.7668163
CAAC,-1.469570809,-0.099057419,3.236140677,-0.500777784,9.108815024,28.3618002
AACG,-1.68400492,-0.038076638,3.270784584,-0.712710546,7.100161197,28.6855967
ACGU,-1.559276414,0.017529049,3.576882062,0.371227175,11.67037579,32.1611664
CGUG,-1.661791364,0.085712286,3.237186056,0.305732285,6.690775584,28.0435679
GUGC,-1.398250035,-0.047756245,3.356696266,-0.585594088,11.61674607,32.0450229
UGCU,-1.721750965,0.034741705,3.2150187,-0.382388552,4.129060819,28.9639891
GCUA,-1.614867703,0.217663047,3.20748885,1.777665247,7.74299454,29.458949
CUAU,-1.318369833,0.025577088,3.356364273,0.573153937,14.44745665,31.778737
UAUG,-1.49850023,0.10451331,3.154748505,0.025300694,6.649457011,27.9938099
AUGG,-1.418209036,-0.163564129,3.480448391,-0.235379892,12.69304014,32.2736569
UGGA,-1.779233215,0.049997,3.445738885,0.708931221,10.16368013,30.4741597
GGAA,-1.619230615,0.065092698,3.332909742,0.209080418,8.552809144,29.6931623
GAAG,-1.539445011,-0.034970901,3.142451751,-0.87202256,7.470169397,27.571121
AAGC,-1.663782324,-0.151772765,3.269710006,-1.76148197,8.384436911,29.7722558
GCAA,-1.339773005,0.045410892,3.467092858,1.955527689,13.5598924,32.1225521
CAAU,-1.435542689,-0.000656587,3.27749185,-0.271558569,10.17962561,28.4958541
AAUA,-1.437543449,0.022566149,3.186107678,-0.196127277,7.921536969,28.6850821
AUAA,-1.292534949,-0.050406392,3.490321194,0.509754005,16.72749925,31.8526623
UAAG,-1.431261575,-0.126453071,3.21949201,-0.973750925,7.841443371,29.1566259
AAGU,-1.579787204,-0.0550149,3.289841403,-1.616046279,8.999226615,29.7952661
AGUA,-1.590188596,0.095789484,3.217269055,0.134807504,5.980766385,28.7679598
GUAC,-1.312280954,-0.016725265,3.248711026,-0.007261855,13.14823324,31.388222
UACC,-1.658034439,-0.110879382,3.208135437,0.198110038,5.657960841,28.3416388
ACCA,-1.780700786,-0.103163937,3.347530649,0.171186576,9.295432891,29.9983114
CCAG,-1.431083978,0.105130897,3.425638487,-0.031844963,10.76951841,32.2858535
CAGG,-1.666171077,-0.187882842,3.341817564,-0.388242035,8.558049839,29.631783
AGGA,-1.81399452,0.008532229,3.439836603,0.504583308,9.975804284,30.5167699
GGAG,-1.670203396,0.074927701,3.213336333,-1.211685966,7.210672187,28.7998804
GAGC,-1.680585188,-0.165394492,3.221085778,-0.803561329,7.274048919,29.6643739
GCAG,-1.390318994,0.046605068,3.440028599,1.37201176,12.11078258,32.3958431
CAGA,-1.636674867,-0.069702406,3.405673287,-0.146918062,10.37860523,29.7653629
AGAA,-1.649090218,0.028072239,3.436793664,0.929716206,10.37459971,29.9272521
GAAA,-1.512797944,-0.032269355,3.256122278,-0.49299434,8.810655987,28.6287632
AAAC,-1.493934321,-0.062528949,3.173631127,-0.977473451,7.920383192,28.3341497
AACA,-1.61598068,-0.226182076,3.226093278,-0.515326093,6.901357773,28.5890838
ACAG,-1.404565909,-0.002869543,3.417231255,-0.033847723,12.42921962,31.9120414
CAGC,-1.672539349,-0.174343913,3.269411812,-1.799876202,8.415053499,29.4974167
AGCU,-1.847568449,0.018347233,3.264301314,0.13652367,4.146905862,29.4124646
GCUC,-1.745758685,0.218580828,3.260409592,0.799841603,7.617142657,29.5228487
CUCU,-1.661708966,-0.088812824,3.242151557,0.71348133,7.215824084,29.5664333
UCUG,-1.62099578,0.057269455,3.355744885,0.52098698,9.866783464,29.7864971
CUGC,-1.396964861,-0.059250015,3.392642547,-1.421082578,11.94112158,32.6222982
UGCG,-1.704039519,0.021888962,3.207678246,-0.055927081,4.747594848,28.5702754
GCGC,-1.473711526,0.092040359,3.383043539,0.0900138,10.30769045,32.1972981
GCAG,-1.341804364,0.010447591,3.343060939,0.962682346,11.68375632,32.1245489
CAGG,-1.632587748,-0.116068679,3.317388252,-0.785195096,9.313807724,29.5007484
AGGC,-1.85597548,-0.002762345,3.3500232,-0.427553649,8.934404512,30.5080806
GGCG,-1.859574609,-0.004421512,3.232559349,-0.435929481,4.052715546,28.6872083
GCGC,-1.532051559,0.007353253,3.321140777,0.640129797,9.006653267,31.9685812
CGCA,-1.741296774,-0.029471611,3.208742825,0.10050499,4.467963641,28.5153625
GCAA,-1.382904342,0.069808604,3.459820204,2.242229555,12.70909322,32.6207812
CAAG,-1.478632027,-0.097403852,3.244848103,-1.036302274,8.392447151,29.0974587
AAGA,-1.655449491,-0.043583128,3.317956841,-1.355671887,8.811098378,29.6246689
AGAC,-1.698958621,0.091672367,3.305948681,0.053970321,7.431738965,29.7767457
GACU,-1.828915622,-0.147528049,3.256168677,-0.549074219,5.408032239,28.8571971
ACUG,-1.678382832,0.034096518,3.313153937,1.516854463,9.017127257,29.3532865
CUGA,-1.364967101,-0.003803524,3.425614488,0.369896602,12.38154217,32.3042071
UGAG,-1.595964881,0.111891762,3.195676886,-0.903249535,7.561843763,28.7387724
GAGC,-1.674675906,-0.13551109,3.260822784,-0.992624348,8.292053959,29.8271535
GCAU,-1.288121638,0.129168617,3.421388772,1.757694646,14.25423932,31.4954305
CAUU,-1.42098418,-0.020195596,3.195646887,0.288605028,8.646936261,28.3989526
AUUG,-1.455538889,0.102466551,3.284639707,0.163635927,9.592850543,28.5331229
UUGG,-1.395551289,-0.073458331,3.460951781,-0.822797544,11.67784764,31.9795
UGGG,-1.800429191,0.052626747,3.350328393,0.24898442,8.523838723,30.0664139
GGGG,-1.835407092,-0.014286914,3.406247475,0.561946161,8.698046839,30.4959417
GGGA,-1.797237655,0.007193256,3.407389052,0.484866503,9.415603488,30.1183892
GGAC,-1.583351733,0.18299154,3.107237055,-1.462471351,6.378396032,28.8927225
GACA,-1.574149517,-0.287793644,3.142271355,0.360567789,5.319924802,27.8493658
ACAC,-1.355563689,0.049090218,3.336187276,0.806868063,12.5448443,31.7672713
CACU,-1.594826903,-0.128806624,3.265905882,-0.607402652,7.047549449,29.000014
ACUA,-1.543954921,0.059160617,3.305435091,0.255808884,9.320206996,29.7443701
CUAC,-1.29348313,-0.023747925,3.301283574,-0.060535189,14.15883282,31.7367309
UACG,-1.549114618,-0.077438451,3.220165997,-0.252835743,7.358047639,28.2068075
ACGC,-1.458585228,-0.05099098,3.454068319,-1.115107698,11.58056339,32.1500008
GCGA,-1.126370673,-0.096052079,3.328106438,-0.849297014,11.65168337,32.7868225
CGAA,-1.528545829,0.132087758,3.306044279,0.247458651,9.541946761,29.3402424
GAAC,-1.585126497,-0.084039519,3.291726165,-0.212822544,9.270655787,28.8485814
AACU,-1.745637487,-0.100797584,3.280577388,-1.042705946,6.410929181,29.1151537
ACUC,-1.707529449,0.105305894,3.287601048,0.09052279,8.067220056,29.1668327
CUCA,-1.598175236,-0.087103858,3.201257175,1.160280394,6.611245975,29.4753991
UCAA,-1.414238715,0.067227455,3.625736285,0.80948501,13.90928101,32.6535163
CAAA,-1.510355793,-0.144919302,3.374729305,-0.254029519,10.32701226,29.3383346
AAAG,-1.488382832,-0.023792524,3.199129617,-1.789421212,7.552663947,28.937635
AAGG,-1.697317054,-0.179350213,3.317697846,-0.84852303,8.147762845,29.4069959
AGGU,-1.880109398,0.065653287,3.468593428,0.419816204,9.668458631,30.4310852
GGUU,-1.82298034,0.081240975,3.272448151,0.424773905,6.284543109,28.6140771
GUUG,-1.518287434,0.098412432,3.189596008,0.473812324,7.571183376,27.9729049
UUGG,-1.377099258,-0.075413292,3.38351573,-0.414856703,11.47720606,31.4396222
UGGC,-1.808658827,0.101823564,3.358459231,-0.316263475,9.363854523,30.2245203
GCGA,-1.46150937,0.013929921,3.432324154,0.790122598,9.917669647,31.7890138
CGAC,-1.617056259,0.096966861,3.207370853,-0.263736725,7.446562069,28.7125163
GACC,-1.853300534,-0.108776824,3.22398292,0.038566829,5.485531889,28.1025583
ACCG,-1.860388392,-0.090313194,3.390108598,0.4049913,9.286068879,30.2059079
CCGA,-1.584473311,0.203257935,3.636328473,1.577827243,11.15565769,32.4021278
CGAA,-1.613605128,0.051573769,3.331305574,0.053211936,8.813974521,29.1011904
GAAU,-1.493736925,-0.007762245,3.28449831,0.528626827,9.249962401,28.6860401
AAUG,-1.468795424,0.058640227,3.195547289,-0.23151037,7.742152557,28.32215
AUGU,-1.341332173,-0.069568009,3.436095878,-0.619718206,13.9252199,31.7753013
UGUA,-1.515810084,0.121832763,3.207842043,0.120713386,6.761530969,28.4576612
GUAA,-1.266703866,0.033260735,3.332076358,0.713776924,14.41770625,31.541374
UAAU,-1.442356953,-0.045561689,3.269251815,0.146736065,9.487828443,28.3017774
AAUU,-1.41551489,-0.03900822,3.199367413,0.057628247,8.280423992,28.9978036
AUUG,-1.432376352,0.041682566,3.319862203,-0.032446151,10.44618688,28.7092758
UUGC,-1.34902382,-0.060198796,3.463228335,-1.802940141,13.20140277,32.068541
GCGG,-1.616873063,-0.147945041,3.608419432,1.158245835,10.33291474,32.0726179
CGGA,-1.784627507,0.071292774,3.442097758,0.887721646,10.54903682,30.2116526
GGAG,-1.612176556,0.134316114,3.189432411,-1.043593928,6.973040139,29.3056947
GAGG,-1.666269275,-0.165043899,3.21351113,0.301696966,6.887762045,28.911202
AGGG,-1.832181956,0.004551509,3.337830043,0.168459631,8.529969601,29.8599406
GGGC,-1.895800484,0.002413352,3.288756425,-0.833031339,7.456176876,29.8533713
GGCC,-1.962683546,-0.020167997,3.21597528,-0.128966821,3.273083738,28.3430675
GCCG,-1.861468171,0.009379212,3.247148657,1.101264775,7.537137657,29.4331907
CCGG,-1.579246015,0.028632827,3.486887262,0.302695346,8.66147697,31.5221296
CGGG,-1.819050619,0.008811024,3.378342433,0.425969681,8.98051339,29.9476088
GGGU,-1.841339173,0.089072419,3.409227615,0.273571329,9.567933641,30.2072129
GGUG,-1.724066119,0.107365453,3.206429471,-0.214669707,5.722103958,27.9301956
GUGG,-1.359533809,-0.096179276,3.295760085,0.228121038,10.30632247,31.3581864
UGGG,-1.769584208,0.078705426,3.306591068,0.408254235,8.957462651,29.3131315
GGGC,-1.836065079,0.069577808,3.349834003,-0.442592948,9.092090358,30.0906348
GCGU,-1.516046079,0.06701946,3.524076918,1.124608308,11.68670767,31.7558957
CGUU,-1.666596468,0.096378072,3.260127397,0.607060459,7.378395632,28.4047971
GUUA,-1.51301094,0.150758585,3.218292234,0.502028359,8.373647927,28.351931
UUAG,-1.338437431,-0.042115158,3.398857423,0.081316374,13.87330413,31.7974839
UAGA,-1.616256275,-0.021683366,3.357642847,-0.323098338,9.315388492,29.7207696
AGAU,-1.636647067,0.146412472,3.357715046,0.318410632,8.896441271,29.6794522
GAUU,-1.558294434,0.012263155,3.181163777,0.178556829,6.436954861,28.731264
AUUA,-1.502874543,0.031058179,3.241716166,0.673077338,8.560466991,28.4601516
UUAA,-1.332773145,-0.016664267,3.535105298,0.72699646,15.45345173,31.9499664
UAAA,-1.518717426,-0.075125697,3.367752845,0.104725305,9.998420832,28.9115658
AAAA,-1.511903962,-0.038421832,3.315197896,-1.097625647,9.525420492,28.7592338
AAAU,-1.514662707,-0.044778704,3.337915842,-0.268777224,10.19662227,28.6311036
AAUU,-1.481274575,-0.079144617,3.198889222,-0.087200456,8.086223076,28.6774835
AUUG,-1.462141957,0.032742545,3.315591288,-0.074290514,10.46246815,28.2672143
UUGC,-1.332725545,-0.058399032,3.432727945,-1.593076938,12.8849915,31.9160703
GCUA,-1.572921542,0.12852003,3.231618168,1.201029779,8.566104878,29.2248831
CUAC,-1.288062839,-0.013294734,3.289183816,0.264366313,14.07906042,31.4664025
UACG,-1.584210516,-0.027266255,3.215466891,-0.174390912,7.083412732,28.1580482
ACGC,-1.514080918,-0.091219976,3.420780984,-0.986417872,10.63805044,32.1509532
CGCG,-1.816559269,0.028752625,3.24652067,0.187756245,4.404371313,28.6789998
GCGG,-1.603205136,-0.012405152,3.538789824,1.111264575,10.0549339,32.2721722
CGGA,-1.793843323,0.040333393,3.43099578,0.493144337,9.95047759,30.0542815
GGAU,-1.612903942,0.212561149,3.220091598,-0.947443851,7.652433351,29.1701852
GAUC,-1.602033159,-0.018592828,3.112658747,0.128839423,5.129737005,27.7892446
AUCG,-1.627398252,-0.130282594,3.240743385,0.876735465,7.889593208,29.1020666
UCGA,-1.558428031,-0.015771085,3.645587488,0.038632227,11.80604748,32.5351761
CGAG,-1.663606728,-0.007396052,3.312872343,-0.345840483,8.349127417,29.7440795
GAGA,-1.657681046,-0.087326453,3.330179596,0.139939001,9.025456291,29.659686
AGAG,-1.64750645,0.098943421,3.246629867,-0.665364693,7.870683186,29.2663289
GAGC,-1.688226435,-0.158842623,3.228348833,-0.705271095,8.154155117,29.0314016
GCUG,-1.649584608,0.139559809,3.313176736,2.035352093,9.234256715,29.7074999
CUGA,-1.35749125,0.004933301,3.493544729,0.743294334,13.35720306,32.422007
UGAU,-1.484603908,0.169580408,3.28602228,0.158962221,8.940394992,29.6837439
GAUA,-1.397279054,0.096232075,3.165951281,0.115739285,7.547854243,28.478904
AUAU,-1.212288554,0.040780784,3.272680946,-0.13702186,15.36761625,31.1294468
UAUA,-1.342279554,0.005265695,3.110172397,-0.040049599,6.680842583,27.7000276
AUAC,-1.237641647,-0.098641027,3.315382092,0.391907162,14.79859523,31.5860645
UACG,-1.613879522,-0.065030299,3.283032139,-0.376373473,7.296805464,28.7545497
ACGA,-1.50052219,-0.057936841,3.606719466,0.382858343,12.56242015,32.6428331
CGAU,-1.561551969,0.091260575,3.300060999,-0.220410392,8.550909782,29.688925
GAUG,-1.482582948,-0.024278714,3.166660067,0.254794104,7.018135637,28.3917524
AUGC,-1.30402432,-0.142340153,3.308638827,-1.163415932,12.94276314,32.0827085
UGCA,-1.562582748,-0.019147617,3.17097958,0.035193096,5.056255075,28.7284096
GCAG,-1.312059759,0.055913682,3.307792644,0.835291294,12.25544749,32.1973775
CAGC,-1.598407832,-0.085665487,3.290583388,-1.761402972,9.366268675,29.7121022
GCUG,-1.54901062,0.139545809,3.257332853,1.434824104,8.628198236,30.2935221
CUGG,-1.381450371,-0.085962681,3.409267415,-0.286110278,12.13194016,32.1928349
UGGC,-1.792667547,0.035075698,3.281408772,-0.535140697,8.702638747,30.009167
GGCA,-1.765347293,-0.012292954,3.204970901,-0.265153297,3.927473251,28.7444225
GCAU,-1.403151937,0.134678506,3.370945381,1.727760045,12.06733805,31.3726685
CAUG,-1.481973761,0.027790444,3.194069319,-0.013843923,7.565605688,28.917802
AUGA,-1.346240075,-0.056167677,3.522966341,0.021416772,14.14062579,32.6677554
UGAA,-1.54101318,0.043367333,3.31400592,0.299815604,8.639645607,29.5993058
GAAG,-1.522723346,-0.045357693,3.182314554,-0.881086378,7.405431291,28.670511
AAGC,-1.694197516,-0.155100698,3.272717146,-1.691694566,8.318229435,29.8859989
AGCG,-1.862097758,-0.000666587,3.267773845,0.311252775,4.506815264,29.0383974
GCGA,-1.552474751,0.019881002,3.501571569,1.175937081,10.84893322,32.3657641
CGAC,-1.586382872,0.046782064,3.205779284,-0.461031179,7.587668047,29.1005564
GACG,-1.64597628,-0.074159117,3.203605328,-0.169728205,6.495354493,28.0563005
ACGC,-1.456812264,-0.049165817,3.405764085,-0.25648347,10.97123558,31.7903904
GCUU,-1.658749425,0.124900702,3.300102998,2.043120738,9.047567849,30.00028
CUUG,-1.501392972,0.089293814,3.229426211,1.620412192,8.820391792,28.2432533
UUGU,-1.367563649,0.058698426,3.539907802,-0.771710766,14.59900862,32.3657615
UGUG,-1.606372273,0.170709186,3.248222836,0.304138517,7.391616168,28.7498548
GUGA,-1.333779924,-0.014609108,3.387799244,0.289213416,12.67726345,31.962232
UGAC,-1.514599108,0.106426471,3.146756865,-0.677098658,6.729253615,29.1132919
GACG,-1.654348713,-0.048622028,3.199408412,0.09351833,6.118212236,28.1128565
ACGG,-1.518271035,-0.152874943,3.455212096,0.108405232,10.75917642,32.0490378
CGGC,-1.833676726,0.038088238,3.358459831,-0.477465851,9.029722206,30.3362199
GGCU,-1.869549409,0.009412412,3.252154557,-0.618030439,3.881215176,29.3187916
GCUA,-1.687137057,0.145191096,3.210704386,1.714942701,7.589890202,29.2261783
CUAG,-1.347952041,-0.023252135,3.282724146,0.282647947,12.57087938,31.6411244
UAGG,-1.61401112,-0.139429211,3.246722666,-0.783442731,8.453053939,29.3123066
AGGG,-1.829821404,0.013720926,3.385092098,0.233157937,9.27148877,30.2134391
GGGC,-1.867189256,0.021041379,3.37649867,-0.573315134,8.740357793,30.3993236